"","time_point","temperature","load","voltage","force"
"1",0,22.1842212781955,21.5296875,3.855,95.76878653125
"3",0.2,22.2105733333333,21.4615714285714,3.85228571428571,95.46579126
"4",0.3,22.2124520895522,21.5521739130435,3.85521739130435,95.8688110434783
"6",0.5,22.1832325,21.6808222222222,3.855,96.4410670253333
"7",0.6,22.2123960294118,21.618,3.85433333333333,96.16161996
"8",0.7,22.22711,21.7040666666667,3.856,96.544463428
"9",0.8,22.2144199259259,21.7425964912281,3.85585964912281,96.7158525642105
"10",0.9,22.1953902962963,21.46556,3.85426,95.4835333032
"11",1,22.1708078787879,21.4956666666667,3.855,95.61745438
"13",1.2,22.1660884,21.4420666666667,3.85391111111111,95.379029788
"14",1.3,22.1582077443609,21.5446666666667,3.85446666666667,95.83541716
"16",1.5,22.1772078947368,21.5752,3.855,95.971236144
"17",1.6,22.1908846268657,21.6995777777778,3.855,96.5244958626667
"18",1.7,22.1767406,21.5380666666667,3.85353333333333,95.806058908
"19",1.8,22.1734106666667,21.311652173913,3.85430434782609,94.7989174330435
"20",1.9,22.1556773333333,21.5311333333333,3.854,95.775217916
"21",2,22.1456157894737,21.5372222222222,3.855,95.8023026333333
"23",2.2,22.1510214,21.6537555555556,3.855,96.3206685373333
"24",2.3,22.1509757894737,21.6372,3.85225714285714,96.247025784
"26",2.5,22.1501732330827,21.5787826086957,3.855,95.9871723756522
"27",2.6,22.1600828358209,21.6513333333333,3.855,96.30989396
"28",2.7,22.1426136,21.3221739130435,3.85302173913044,94.8457204434783
"29",2.8,22.1296008,21.4385555555556,3.85315555555556,95.3634115933333
"30",2.9,22.1559599009901,21.4978,3.85426666666667,95.626943916
"31",3,22.1637251879699,21.6163333333333,3.855,96.15420626
"33",3.2,22.1554358,21.5940666666667,3.85584444444444,96.055159228
"34",3.3,22.1615315789474,21.6500434782609,3.855,96.3041564008695
"36",3.5,22.1609145864662,21.4992340425532,3.855,95.633322852766
"38",3.7,22.1743530693069,21.4850444444444,3.85124444444444,95.5702043986667
"39",3.8,22.1732793939394,21.3681304347826,3.855,95.0501451626087
"41",4,22.1595759701493,21.5139333333333,3.855,95.698708532
"42",4.1,22.1913819402985,21.5942741935484,3.854,96.0560823532258
"43",4.2,22.2288127272727,21.6346,3.85153333333333,96.235460412
"44",4.3,22.235597593985,21.0429423076923,3.85288461538462,93.6036368319231
"46",4.5,22.229495,21.5155869565217,3.855,95.7060642117391
"47",4.6,22.244888358209,21.6054782608696,3.85491304347826,96.1059205095652
"48",4.7,22.2452519191919,21.4394565217391,3.85047826086956,95.3674192891304
"49",4.8,22.2446803703704,21.2724347826087,3.855,94.6244698486957
"51",5,22.27296,21.630875,3.854625,96.2188907925
"52",5.1,22.2485738235294,21.5322173913043,3.85321739130435,95.7800400443478
"53",5.2,22.230153960396,21.5022444444444,3.85273333333333,95.6467137826667
"54",5.3,22.2354038345865,20.8705652173913,3.85273913043478,92.8368656113044
"55",5.4,22.2296970676692,21.4822941176471,3.85464705882353,95.55797034
"56",5.5,22.211562556391,22.0648260869565,3.855,98.1492006965217
"58",5.7,22.2365016326531,22.2354285714286,3.85466071428571,98.90807808
"59",5.8,22.232427761194,22.1623333333333,3.85545833333333,98.58293438
"61",6,22.212262238806,22.21825,3.855,98.831664015
"63",6.2,22.2010062,22.1460212765957,3.85593617021277,98.5103747629787
"64",6.3,22.2162088059701,21.3848958333333,3.85379166666667,95.12472134375
"66",6.5,22.2007590977444,22.2065,3.855,98.77939743
"67",6.6,22.2015950746269,22.2288333333333,3.85416666666667,98.87874101
"68",6.7,22.1967094,22.3356666666667,3.85816666666667,99.35395918
"69",6.8,22.1928849253731,22.069,3.854,98.16776718
"71",7,22.2137379699248,22.20325,3.855,98.764940715
"73",7.2,22.2106531,22.1583333333333,3.85516666666667,98.5651415
"74",7.3,22.19535,22.24025,3.856875,98.929524855
"75",7.4,22.197731641791,22.4175833333333,3.855,99.718342535
"76",7.5,22.2091861654135,22.178,3.855,98.65262316
"77",7.6,22.2056141791045,22.3644166666667,3.855,99.481845505
"78",7.7,22.1939316,21.6113333333333,3.85533333333333,96.13196516
"79",7.8,22.1966596240601,21.2185,3.85425,94.38455607
"80",7.9,22.2346374626866,21.0705306122449,3.855,93.72635568
"81",8,22.2187139097744,21.3033650793651,3.855,94.7620546133333
"82",8.1,22.2209410447761,21.0961666666667,3.85516666666667,93.84039049
"83",8.2,22.2382606,21.600170212766,3.85674468085106,96.0823091438298
"84",8.3,22.2712204511278,22.252,3.85634693877551,98.98179144
"85",8.4,22.292017761194,22.1968775510204,3.855,98.73659466
"86",8.5,22.2918498496241,22.2353913043478,3.855,98.9079123078261
"87",8.6,22.3014870149254,22.3194782608696,3.855,99.2819495895652
"88",8.7,22.3098072,21.4213043478261,3.85278260869565,95.2866744260869
"89",8.8,22.3177907518797,21.2792608695652,3.85495652173913,94.6548337852174
"90",8.9,22.3263395522388,21.2535652173913,3.855,94.5405338713043
"91",9,22.3144501503759,21.2562608695652,3.855,94.5525247252174
"92",9.1,22.3051610447761,21.2181956521739,3.85645652173913,94.383202263913
"93",9.2,22.3203877777778,21.1749782608696,3.85589130434783,94.1909617995652
"94",9.3,22.3154917164179,20.935347826087,3.855,93.1250329069565
"95",9.4,22.3122786567164,20.6757826086957,3.855,91.9704297156522
"96",9.5,22.3026533333333,20.5509423076923,3.85598076923077,91.4151125919231
"97",9.6,22.3119362686567,20.6054782608696,3.85484782608696,91.6577005095652
"98",9.7,22.3327071717172,20.8075957446809,3.85568085106383,92.5567635434043
"99",9.8,22.3291153333333,20.1261379310345,3.855,89.5254892675862
"100",9.9,22.31714,19.8980303030303,3.855,88.5108163545455
"101",10,22.310831969697,20.8074565217391,3.85610869565217,92.5561442491304
"102",10.1,22.29277,21.1284782608696,3.85615217391304,93.9841195695652
"103",10.2,22.2987122,21.1227391304348,3.85608695652174,93.9585906547826
"104",10.3,22.281735,20.7948260869565,3.855,92.4999612965217
"105",10.4,22.2352169306931,20.6951304347826,3.855,92.0564931026087
"106",10.5,22.2242325,20.7335652173913,3.85408695652174,92.2274594713043
"107",10.6,22.2269825,20.6837826086957,3.85417391304348,92.0060154756522
"108",10.7,22.2150466666667,20.797,3.855,92.50963134
"109",10.8,22.2326769924812,19.5537234042553,3.855,86.9792635212766
"110",10.9,22.2292951515151,20.4663043478261,3.855,91.038624326087
"111",11,22.2108721052632,21.1882173913043,3.85352173913043,94.2498523643478
"112",11.1,22.2211917647059,21.3667391304348,3.85482608695652,95.0439563347826
"113",11.2,22.1948722222222,21.606847826087,3.855,96.1120126369565
"114",11.3,22.2055615671642,21.359,3.85476086956522,95.00953098
"115",11.4,22.2247577272727,21.5208936170213,3.855,95.7296694051064
"116",11.5,22.2092705263158,21.6372173913043,3.85663043478261,96.2471031443478
"117",11.6,22.2042611940299,21.6959787234043,3.855,96.5084864770213
"118",11.7,22.205007,21.5915217391304,3.85447826086957,96.0438388304347
"119",11.8,22.219951,20.2760638297872,3.85468085106383,90.1923926489361
"120",11.9,22.2152973267327,20.7751,3.855,92.412215322
"121",12,22.2221471428571,21.1744509803922,3.853,94.18861634
"122",12.1,22.2341531343284,21.4765,3.8545,95.53219683
"123",12.2,22.2204272,21.6965957446809,3.855,96.5112311234043
"124",12.3,22.2158203007519,21.385,3.85419565217391,95.1251847
"125",12.4,22.2211074242424,21.5421290322581,3.855,95.824129203871
"126",12.5,22.2036821052632,21.5953333333333,3.857,96.06079364
"127",12.6,22.2204271641791,21.708170212766,3.855,96.5627169038298
"128",12.7,22.2073445,21.4303913043478,3.85410869565217,95.327095207826
"129",12.8,22.2106852631579,20.9710217391304,3.8559347826087,93.2837183204348
"130",12.9,22.2112964179104,20.8307173913043,3.85423913043478,92.6596137143478
"131",13,22.2111395,21.1656,3.8543,94.149245232
"132",13.1,22.2241361386139,21.4401304347826,3.855,95.3704170026087
"133",13.2,22.2186922,21.3318510638298,3.855,94.8887665391489
"134",13.3,22.2171491044776,21.548829787234,3.85597872340426,95.8539356361702
"136",13.5,22.228325,21.2667872340426,3.85457446808511,94.5993483102128
"137",13.6,22.2327653731343,21.3710434782609,3.855,95.0631030208696
"138",13.7,22.2161762,21.065652173913,3.85508695652174,93.7046553130435
"139",13.8,22.2226402985075,20.8533043478261,3.85476086956522,92.7600854660869
"141",14,22.2247129323308,21.4001304347826,3.855,95.1924882026087
"142",14.1,22.2290511940299,21.3718085106383,3.855,95.0665060531915
"143",14.2,22.22609,21.4222075471698,3.855,95.2906920554717
"144",14.3,22.2259801515152,21.5158085106383,3.85597872340426,95.7070497331915
"145",14.4,22.2388405970149,21.0018909090909,3.85416363636364,93.4210311796364
"146",14.5,22.2315442105263,21.2611063829787,3.855,94.5740786348936
"147",14.6,22.2237829411765,21.3047391304348,3.855,94.7681666947826
"148",14.7,22.225023030303,21.2852765957447,3.855,94.6815930587234
"149",14.8,22.2245076865672,21.3246086956522,3.85165217391304,94.8565508921739
"150",14.9,22.2134219402985,21.342,3.856,94.93391124
"151",15,22.2138965648855,23.7383461538461,3.855,105.593386128462
"152",15.1,22.1932685294118,24.3723043478261,3.855,108.413371646087
"153",15.2,22.2270523232323,24.2490434782609,3.85339130434783,107.86508018087
"154",15.3,22.2433194029851,22.3145555555556,3.85577777777778,99.2600523133333
"155",15.4,22.2243950746269,22.157,3.855,98.55921054
"156",15.5,22.2072468421053,21.6021818181818,3.855,96.0912572072727
"157",15.6,22.2124597058824,21.3622608695652,3.855,95.0240360452174
"158",15.7,22.2368682828283,21.1742608695652,3.85436956521739,94.1877706852174
"159",15.8,22.2285795522388,21.2642553191489,3.854,94.5880857957447
"160",15.9,22.2353737878788,21.3027391304348,3.85508695652174,94.7592702547826
"161",16,22.2343042105263,24.0018723404255,3.855,106.765608582128
"162",16.1,22.2506925373134,24.4576956521739,3.85482608695652,108.793210953913
"163",16.2,22.2468282828283,23.3371914893617,3.85302127659574,103.808961926808
"164",16.3,22.2316613333333,22.1578510638298,3.85606382978723,98.5629962591489
"165",16.4,22.2179787878788,22.1634130434783,3.855,98.5877371682609
"166",16.5,22.225,22.3337391304348,3.85453623188406,99.3453850747826
"167",16.6,22.2429205970149,22.373868852459,3.854,99.5238909068853
"168",16.7,22.2306305,22.4427826086957,3.854,99.8304344556522
"169",16.8,22.2093068421053,22.3632127659574,3.85455319148936,99.4764902897872
"170",16.9,22.1907281818182,22.7051538461538,3.855,100.997519441538
"171",17,22.2233686466165,22.3610434782609,3.855,99.4668408208695
"172",17.1,22.2440632835821,22.4408936170213,3.85423404255319,99.8220318051064
"173",17.2,22.2329512,22.4481914893617,3.85757446808511,99.8544943468085
"174",17.3,22.2178764,23.0644255319149,3.85470212765957,102.595638939575
"175",17.4,22.2237424752475,22.487652173913,3.85282608695652,100.030024153043
"176",17.5,22.2322478947368,22.292,3.855,99.15972024
"177",17.6,22.2153288059702,22.4857021276596,3.854,100.021349918298
"178",17.7,22.239706,22.3711698113208,3.85415094339623,99.5118849781132
"179",17.8,22.2690710526316,22.413170212766,3.85410638297872,99.6987120038298
"180",17.9,22.2722863636364,22.7409444444444,3.855,101.156723896667
"181",18,22.2882628358209,22.2704565217391,3.855,99.0638901091303
"182",18.1,22.2766334328358,22.1215217391304,3.84930434782609,98.4013954304347
"183",18.2,22.285798,22.465,3.858,99.9292623
"184",18.3,22.2811368421053,22.9886170212766,3.855,102.258426006383
"185",18.4,22.2736611940298,22.8341666666667,3.855,101.57139685
"186",18.5,22.2844700757576,22.585914893617,3.85551063829787,100.467118348085
"187",18.6,22.291165,22.4913191489362,3.85395744680851,100.046335664681
"188",18.7,22.29155,21.3432765957447,3.85446808510638,94.9395898187234
"189",18.8,22.2921413533835,21.1708333333333,3.855,94.17252425
"190",18.9,22.3166644776119,21.6344680851064,3.855,96.234873625532
"191",19,22.3119810526316,21.8846170212766,3.855,97.347591126383
"192",19.1,22.2947489855072,21.6941666666667,3.85433333333333,96.50042605
"193",19.2,22.282795,22.1424893617021,3.85508510638298,98.4946640285107
"194",19.3,22.2823068421053,23.0838510638298,3.855,102.682047979149
"195",19.4,22.2744129850746,23.0886956521739,3.855,102.703597773913
"196",19.5,22.2645521052632,22.550625,3.85664583333333,100.3101411375
"197",19.6,22.2513539393939,22.0679245283019,3.85158490566038,98.162983245283
"198",19.7,22.2412404,21.18075,3.855,94.216635765
"199",19.8,22.2116301503759,21.2562857142857,3.855,94.55263524
"200",19.9,22.1996558208955,21.6695,3.855,96.39070329
"201",20,22.2027204511278,21.8805254237288,3.855,97.329390800339
"202",20.1,22.1912633823529,21.8354098360656,3.85165573770492,97.1287067409836
"203",20.2,22.2122886868687,21.8357213114754,3.85580327868852,97.1300922521312
"204",20.3,22.1933698507463,21.59115625,3.85438541666667,96.042213054375
"205",20.4,22.1799402985075,21.3533958333333,3.855,94.98460241375
"206",20.5,22.2138117424242,21.5893191489362,3.85402127659574,96.0340412246809
"207",20.6,22.210066119403,21.8266666666667,3.85590740740741,97.0898152
"208",20.7,22.1993776,20.8179787234043,3.85125531914894,92.6029493170213
"209",20.8,22.1903994029851,20.5402068965517,3.855,91.3673591213792
"210",20.9,22.1852101492537,21.0670208333333,3.855,93.71074341125
"211",21,22.1843346969697,21.2986065573771,3.855,94.7408876606558
"212",21.1,22.1875147826087,21.3422222222222,3.85588888888889,94.9348997333333
"213",21.2,22.1790545454545,21.5096,3.855,95.679432912
"214",21.3,22.1852473684211,21.4121276595745,3.85410638297872,95.2458544978723
"215",21.4,22.167126969697,21.3267391304348,3.855,94.8660275347826
"216",21.5,22.1625851879699,21.6566666666667,3.854,96.3336178
"217",21.6,22.1554240909091,21.7451063829787,3.85568085106383,96.7270171148936
"218",21.7,22.1727746464646,20.7626382978723,3.85234042553192,92.3567829293617
"219",21.8,22.1888754814815,20.7051914893617,3.855,92.1012468868084
"220",21.9,22.2025254545455,21.1284680851064,3.855,93.9840743055319
"221",22,22.2364796992481,21.5315833333333,3.85427083333333,95.777219615
"222",22.1,22.2419923529412,21.3685,3.8535,95.05178907
"223",22.2,22.21185,21.4609361702128,3.855,95.4629654910638
"224",22.3,22.2092361654135,21.5115744680851,3.85497872340426,95.6882157804255
"225",22.4,22.2199286363636,21.5068723404255,3.855,95.6672996821277
"226",22.5,22.2106694736842,21.4605957446809,3.85404255319149,95.4614512034043
"227",22.6,22.2069492537313,21.383641509434,3.85584905660377,95.1191418350944
"228",22.7,22.2184074,21.0682978723404,3.85317021276596,93.7164239617021
"229",22.8,22.2386334328358,20.6346808510638,3.855,91.7876000553192
"230",22.9,22.2438128358209,19.6290212765958,3.85429787234043,87.3142050229788
"231",23,22.2118010526316,19.4270638297873,3.85359574468085,86.4158538689363
"232",23.1,22.2163097014925,20.5280833333333,3.8555,91.3134308449999
"233",23.2,22.223664,20.819085106383,3.85548936170213,92.6078707519149
"234",23.3,22.2163736363636,21.2092340425532,3.855,94.3433390527659
"235",23.4,22.2309144776119,21.3696808510638,3.855,95.0570417553191
"236",23.5,22.2262254887218,21.5525106382979,3.85489361702128,95.8703088714894
"237",23.6,22.2103828358209,21.2784705882353,3.85492156862745,94.65131844
"238",23.7,22.2277083,20.9165319148936,3.85408510638298,93.041335594468
"239",23.8,22.2440696992481,20.4650425531915,3.85478723404255,91.0330115859576
"240",23.9,22.2504405882353,19.1967872340426,3.85491489361702,85.3915329102128
"241",24,22.2355985714286,19.8527446808511,3.85465957446808,88.3093759442554
"242",24.1,22.2284117910448,20.9046808510638,3.85810638297872,92.9886194553192
"243",24.2,22.2080924,20.5674680851064,3.855,91.4886228855319
"244",24.3,22.2188643283582,20.1324893617021,3.855,89.5537418285107
"245",24.4,22.2188486567164,20.0341914893617,3.855,89.1164912668085
"246",24.5,22.1964137121212,19.7334893617021,3.85282978723404,87.7789020485106
"247",24.6,22.2129286567164,19.4919215686275,3.855,86.70435536
"248",24.7,22.21486,19.788,3.855,88.02137736
"249",24.8,22.2075136363636,20.0586382978723,3.855,89.2252360493617
"250",24.9,22.1999052238806,20.3264255319149,3.85648936170213,90.4164125795745
"251",25,22.195058,20.534085106383,3.85585106382979,91.3401280519149
"252",25.1,22.1871458415842,20.5396808510638,3.85448936170213,91.3650191553191
"253",25.2,22.1972209090909,20.3310638297872,3.855,90.4370447489362
"254",25.3,22.1999202962963,20.0032340425532,3.855,88.978785732766
"255",25.4,22.1711853731343,19.7448723404255,3.85244680851064,87.8295360421277
"256",25.5,22.1939577272727,19.8594468085106,3.85593617021277,88.3391884825532
"257",25.6,22.2105040298507,19.6527291666667,3.855,87.41966293375
"258",25.7,22.1923948,20.1786382978723,3.855,89.7590224493617
"259",25.8,22.1983037313433,20.1086382978723,3.85546808510638,89.4476470493617
"260",25.9,22.1947941538462,20.8256382978723,3.86038297872341,92.6370207893617
"261",26,22.20893,20.415,3.854,90.8104113
"262",26.1,22.1933272277228,19.4687142857143,3.855,86.6011242600001
"263",26.2,22.1845678571429,18.1076595744681,3.855,80.5468534723404
"264",26.3,22.1678460447761,19.3981702127659,3.85470212765957,86.2873287038297
"265",26.4,22.1744190909091,20.2023829787234,3.85342553191489,89.864644013617
"266",26.5,22.1786215151515,20.534170212766,3.85544680851064,91.3405066238298
"267",26.6,22.176346119403,20.2435531914894,3.855,90.0477781774468
"268",26.7,22.1788488,20.0506382978723,3.855,89.1896502893617
"269",26.8,22.1869462686567,19.5438510638298,3.85489361702128,86.935349179149
"270",26.9,22.188483030303,19.6204444444444,3.85533333333333,87.2760533866667
"271",27,22.1922014285714,20.01375,3.85478333333333,89.025563025
"272",27.1,22.1922292537313,18.8867234042553,3.855,84.0123007812767
"273",27.2,22.2137408,18.2960425531915,3.855,81.3848224059575
"274",27.3,22.21196,20.0190588235294,3.85390196078431,89.04917784
"275",27.4,22.2035636764706,20.2725531914894,3.85429787234043,90.1767765574468
"276",27.5,22.1778191729323,20.5281914893617,3.855,91.3139119468085
"277",27.6,22.1814688059702,20.1741276595745,3.855,89.7389581378723
"278",27.7,22.1798142,19.9290612244898,3.85459183673469,88.64884872
"279",27.8,22.1705967,19.528829787234,3.85244680851064,86.8685312361702
"280",27.9,22.1792768316832,19.493170212766,3.85463829787234,86.7099096038298
"281",28,22.1895392481203,19.1314468085106,3.855,85.1008843225532
"282",28.1,22.1865086567164,19.7107872340426,3.85410638297872,87.6779179902128
"283",28.2,22.2364548,20.42264,3.85492,90.8443957008
"284",28.3,22.2813517821782,20.4103333333333,3.85158333333333,90.78965294
"285",28.4,22.2909744444444,20.0592127659574,3.8541914893617,89.2277914097872
"286",28.5,22.298699924812,19.5315957446808,3.855,86.8808348234043
"287",28.6,22.2967836764706,19.6225,3.855,87.28519695
"288",28.7,22.308077,19.2700408163265,3.85348979591837,85.71738096
"289",28.8,22.3073553435114,19.4361063829787,3.8536170212766,86.4560771348936
"290",28.9,22.3187855223881,19.3543404255319,3.855,86.0923641676596
"291",29,22.3156822556391,19.3298085106383,3.855,85.9832408131916
"292",29.1,22.3116521212121,19.9902105263158,3.85321052631579,88.9208542673684
"293",29.2,22.3149008,20.4516666666667,3.85414583333333,90.9735127
"294",29.3,22.3253042857143,20.2199361702128,3.85695744680851,89.9427244710639
"295",29.4,22.3205623880597,19.7065319148936,3.85497872340426,87.6589893944681
"296",29.5,22.3033971428571,19.5752708333333,3.855,87.07511122625
"297",29.6,22.3159213432836,19.5272127659575,3.85478723404255,86.8613383697873
"298",29.7,22.3059611111111,19.2745531914894,3.85368085106383,85.7374529974468
"299",29.8,22.3126506930693,19.2471836734694,3.85620408163265,85.61570736
"300",29.9,22.3121152475248,19.2891914893617,3.855,85.8025673668085
"301",30,22.3140837878788,19.8209574468085,3.855,88.1679793340426
"302",30.1,22.3124873529412,20.7879787234043,3.8568085106383,92.4695027170213
"303",30.2,22.3211193939394,20.5718125,3.853,91.50794779875
"304",30.3,22.2945295049505,20.4448297872341,3.855,90.9431007561703
"305",30.4,22.27244,20.1700638297872,3.855,89.7208813289362
"306",30.5,22.2523568939394,19.5469361702128,3.855,86.9490724110638
"307",30.6,22.2673572058824,19.4443191489362,3.852,86.4926093246808
"308",30.7,22.250714040404,19.3226875,3.8564375,85.95156499125
"309",30.8,22.2496380392157,19.2045,3.8545,85.42584099
"310",30.9,22.2476745454545,19.4840638297872,3.855,86.6694024089362
"311",31,22.2519391729323,20.3035957446809,3.85568085106383,90.3148606634043
"312",31.1,22.2558935294118,20.7245957446809,3.85393617021277,92.1875612834042
"313",31.2,22.2528388,20.4796595744681,3.85440425531915,91.0980313123404
"314",31.3,22.2268176,20.257625,3.855,90.1103726775
"315",31.4,22.2222654545455,19.1360612244898,3.855,85.1214102600001
"316",31.5,22.2246112781955,19.783,3.855,87.99913626
"317",31.6,22.2206026865672,19.7915,3.8575,88.03694613
"318",31.7,22.2370995959596,19.725125,3.854,87.7416955275
"319",31.8,22.2188936633663,19.5656808510638,3.855,87.0324528753192
"320",31.9,22.2101175,19.6508085106383,3.855,87.4111194331915
"321",32,22.2153045112782,19.4272553191489,3.85540425531915,86.4167056557447
"322",32.1,22.2152265671642,19.4463829787234,3.85197872340426,86.501789693617
"323",32.2,22.2223346,19.5498723404255,3.85463829787234,86.9621331421277
"324",32.3,22.2090812121212,19.4507741935484,3.855,86.5213227832258
"325",32.4,22.1912778,19.6172765957447,3.85442553191489,87.2619620987234
"326",32.5,22.1742404,19.920170212766,3.85359574468085,88.6092995438298
"327",32.6,22.1748454455446,19.61275,3.85475,87.241826805
"328",32.7,22.1779879,19.6243191489362,3.854,87.2932889246809
"329",32.8,22.1691755,20.0833191489362,3.855,89.3350219046811
"330",32.9,22.1603441,19.428,3.855,86.42001816
"331",33,22.1631606818182,19.4105106382979,3.85593617021277,86.3422216314894
"332",33.1,22.1535456716418,19.3656170212766,3.85144680851064,86.1425249463831
"333",33.2,22.1549122,19.4618297872341,3.855,86.5705004961703
"334",33.3,22.1635664356436,19.574431372549,3.855,87.07137712
"335",33.4,22.1548216,19.7789787234043,3.85578723404255,87.9812487370212
"336",33.5,22.1643171428571,20.0812321428571,3.85398214285714,89.3257384425
"337",33.6,22.156571641791,20.7832978723405,3.85236170212766,92.4486812617024
"338",33.7,22.134379,21.6733333333333,3.855,96.4077548
"339",33.8,22.1459394949495,20.9245,3.855,93.0767793900001
"340",33.9,22.1542264,19.3514468085106,3.85344680851064,86.0794927225531
"341",34,22.1716594029851,18.5676170212766,3.85340425531915,82.5928453863829
"342",34.1,22.1789047761194,18.3311914893617,3.85565957446808,81.5411726068085
"343",34.2,22.1593741414141,18.4174893617021,3.855,81.9250445285106
"344",34.3,22.15608,18.8076808510638,3.85493617021277,83.6607021153192
"345",34.4,22.1648500990099,19.992,3.85742553191489,88.92881424
"346",34.5,22.1854749618321,20.1511276595745,3.85168085106383,89.6366490778724
"347",34.6,22.2000847058824,21.4110425531915,3.855,95.2410277059575
"348",34.7,22.2049508,21.4278085106383,3.855,95.3156063731916
"349",34.8,22.2045673267327,20.0045531914894,3.85434042553192,88.9846535974467
"350",34.9,22.1958418181818,18.8511029411765,3.85245588235294,83.853853125
"351",35,22.1940136363636,18.4940833333333,3.854,82.265751365
"352",35.1,22.1975080882353,18.311625,3.8554375,81.4541365575
"353",35.2,22.1984331313131,18.5288510638298,3.855,82.4204058791489
"354",35.3,22.2001738,18.4358,3.855,82.006494276
"355",35.4,22.2194912121212,18.5805,3.85066666666667,82.6501517100001
"356",35.5,22.2126331578947,18.862744680851,3.85287234042553,83.905638144255
"357",35.6,22.1977741176471,18.067,3.855,80.36599074
"358",35.7,22.2136827272727,18.2001111111111,3.855,80.9580982466667
"359",35.8,22.2246502970297,18.455085106383,3.85591489361702,82.0922786719148
"360",35.9,22.216342,17.9417419354839,3.86367741935484,79.808815312258
"361",36,22.20262,17.924,3.854,79.72989528
"362",36.1,22.1993752238806,17.33156,3.855,77.0945918232
"363",36.2,22.224442,17.9795531914893,3.855,79.9770080974467
"364",36.3,22.2070042424242,18.5363333333333,3.85472916666667,82.4536886599999
"365",36.4,22.2125551,18.5052340425532,3.85153191489362,82.315352172766
"366",36.5,22.2215509774436,18.3595,3.855,81.66709509
"367",36.6,22.2389967164179,18.1204210526316,3.855,80.6036193347369
"368",36.7,22.2629763,18.26,3.855,81.2244972
"369",36.8,22.2699788118812,18.6751666666667,3.85539583333333,83.07124987
"370",36.9,22.267065,18.3209375,3.85920833333333,81.4955606062498
"371",37,22.26515,17.6030606060606,3.85451515151515,78.3022862490909
"372",37.1,22.2585201492537,17.4747021276596,3.855,77.731319498298
"373",37.2,22.2662092,17.8503829787234,3.854,79.4024305736169
"374",37.3,22.2539837373737,18.1818125,3.854625,80.87670199875
"375",37.4,22.2495312,18.3707605633803,3.85374647887324,81.7171845532394
"376",37.5,22.2607330075188,17.8671458333333,3.85572916666667,79.47699543875
"377",37.6,22.2601049253731,18.213829787234,3.855,81.0191219361702
"378",37.7,22.2394648,17.944,3.8545,79.81885968
"379",37.8,22.2265068316832,18.2999583333333,3.85383333333333,81.4022406575
"380",37.9,22.228587,17.9816808510638,3.85844680851064,79.9864723953192
"381",38,22.2277971428571,18.2591551724138,3.855,81.2207392210345
"382",38.1,22.2364579104478,17.5764468085106,3.85431914893617,78.1839022225531
"383",38.2,22.2463658,17.673829787234,3.85455319148936,78.61708313617
"384",38.3,22.227224949495,18.2158571428572,3.8549387755102,81.0281400600001
"385",38.4,22.2205613,18.3751020408163,3.85404081632653,81.7364964
"386",38.5,22.2150288721804,17.8404893617021,3.8553829787234,79.3584215885106
"387",38.6,22.2045979104478,18.2346666666667,3.855,81.11180896
"388",38.7,22.200655,17.9432083333333,3.85447916666667,79.8153381725
"389",38.8,22.205269009901,18.321625,3.8525,81.4986187575
"390",38.9,22.2123146,17.9612553191489,3.85504255319149,79.8956151357447
"391",39,22.2113771428571,18.2960625,3.855,81.38491113375
"392",39.1,22.1981991044776,17.240875,3.85495833333333,76.6912049924998
"393",39.2,22.2258084848485,17.5759818181818,3.855,78.1818338432726
"394",39.3,22.222566,17.6817872340427,3.85395744680851,78.6524796102132
"395",39.4,22.206485,16.9539574468085,3.85404255319149,75.4149325940426
"396",39.5,22.2096570454545,17.237,3.85483333333333,76.67396814
"397",39.6,22.2118891176471,17.5750624999999,3.855,78.1777445137496
"398",39.7,22.2047318181818,16.8164893617021,3.85385106382979,74.8034443085106
"399",39.8,22.2061068627451,16.7667454545454,3.85350909090909,74.5821724658181
"400",39.9,22.2262888,16.9998888888889,3.85588888888889,75.6192457533333
"401",40,22.2271559090909,16.4607021276596,3.855,73.2208244182979
"402",40.1,22.20549,16.7467083333334,3.855,74.4930429425003
"403",40.2,22.2087692,17.6115106382979,3.85531914893617,78.3398738514894
"404",40.3,22.2064958,17.2237659574468,3.85355319148936,76.6151002072342
"405",40.4,22.2057525252525,16.9669090909091,3.85418181818182,75.4725443563636
"406",40.5,22.201439924812,17.237,3.85483333333333,76.67396814
"407",40.6,22.1830802941176,17.5704468085106,3.855,78.1572129025529
"408",40.7,22.1645104081633,16.8134528301887,3.85392452830189,74.7899371483018
"409",40.8,22.16881,16.8077659574468,3.8538085106383,74.764640687234
"410",40.9,22.194272,16.9295,3.8555,75.30614049
"411",41,22.1904064661654,16.54525,3.855,73.596911955
"412",41.1,22.1795119402985,16.6568936170213,3.85459574468085,74.0935273251065
"413",41.2,22.17874,16.5559361702128,3.855,73.6444463910638
"414",41.3,22.184995049505,16.8085,3.853625,74.76790587
"415",41.4,22.1763651,17.2718823529412,3.85311764705882,76.82913252
"416",41.5,22.1786869924812,17.2612916666667,3.855,76.7820228175
"417",41.6,22.1778517910448,17.311875,3.854375,77.0070286125
"418",41.7,22.1717787,15.5769148936171,3.85382978723404,69.2895443680855
"419",41.8,22.1826803960396,15.9667021276596,3.85565957446808,71.0234037382978
"420",41.9,22.2079024242424,16.5256734693878,3.855,73.50983124
"421",42,22.2148394736842,16.8136170212766,3.855,74.790667506383
"422",42.1,22.2204314925373,16.7297659574468,3.855,74.417679527234
"423",42.2,22.2327311,16.6332083333333,3.85458333333333,73.9881699725
"424",42.3,22.2234327272727,16.9643333333333,3.853125,75.4610868199999
"425",42.4,22.227892,17.2141489361702,3.855,76.572321580851
"426",42.5,22.2291072932331,17.3099166666667,3.855,76.998317515
"427",42.6,22.2212998507463,16.6624897959183,3.85522448979592,74.1184203599998
"428",42.7,22.214114,15.4521914893617,3.85370212765957,68.7347472268085
"429",42.8,22.231744,16.0759361702128,3.85517021276596,71.5093007910638
"430",42.9,22.244812,16.5339148936171,3.855,73.5464909080853
"431",43,22.2705372932331,17.102,3.855,76.07345844
"432",43.1,22.2640723880597,17.21925,3.855,76.595012235
"433",43.2,22.260214,17.2484042553192,3.85263829787234,76.7246967765957
"434",43.3,22.256938,16.6469574468085,3.855,74.0493290540426
"435",43.4,22.235584,16.4187659574468,3.85453191489362,73.034283107234
"436",43.5,22.2331433834586,16.4745744680851,3.855,73.2825316404256
"437",43.6,22.2374028358209,16.4326530612245,3.85695918367347,73.096056
"438",43.7,22.249474,15.7684680851064,3.85523404255319,70.1416151055319
"439",43.8,22.244922,15.9453829787234,3.855,70.928571473617
"440",43.9,22.198816,16.7534791666667,3.855,74.5231610987501
"441",44,22.186094,17.1640714285714,3.855,76.34956581
"442",44.1,22.2093743564356,17.249875,3.855,76.7312389725
"443",44.2,22.2120233333333,17.2259375,3.8548125,76.62475970625
"444",44.3,22.2020622772277,16.2190192307692,3.855,72.1457657226923
"445",44.4,22.1995287128713,16.4988936170213,3.85404255319149,73.3907085651064
"446",44.5,22.1859242424242,16.5458333333333,3.855,73.59950675
"447",44.6,22.1789647761194,16.2488085106383,3.85748936170213,72.2782749931914
"448",44.7,22.1878457575758,15.7460212765958,3.855,70.0417667629788
"449",44.8,22.1922422772277,15.9327916666667,3.855,70.8725625475
"450",44.9,22.1856681818182,15.8751304347826,3.855,70.6160727026087
"451",45,22.1907984848485,16.1772765957447,3.85572340425532,71.9600852987234
"452",45.1,22.1831882352941,16.0308333333333,3.85,71.30867345
"453",45.2,22.1791631313131,16.4591914893617,3.8531914893617,73.2141047668085
"454",45.3,22.1911312871287,16.3611489361702,3.855,72.777989920851
"455",45.4,22.1867266666667,16.2427547169811,3.85484905660377,72.2513463871697
"456",45.5,22.1830809022556,15.6840612244898,3.85195918367347,69.76615482
"457",45.6,22.1967343283582,15.631,3.854,69.53012682
"458",45.7,22.2113915,15.896,3.855875,70.70890512
"459",45.8,22.2126166,15.8720416666667,3.855,70.6023331825
"460",45.9,22.1923802,16.0163125,3.855,71.24408158875
"461",46,22.1820181954887,16.1079787234043,3.85557446808511,71.6518331170213
"462",46.1,22.2083662686567,16.1108163265306,3.85257142857143,71.6644554000001
"463",46.2,22.2210319,16.4680638297872,3.8541914893617,73.2535708889362
"464",46.3,22.2291603,16.4409574468085,3.855,73.1329957340425
"465",46.4,22.2337344,15.8144042553192,3.85417021276596,70.3459492965959
"466",46.5,22.2321358646617,15.41975,3.85183333333333,68.5904403450001
"467",46.6,22.2116182352941,15.826,3.856,70.39752972
"468",46.7,22.221702,15.9179574468085,3.855,70.8065766740426
"469",46.8,22.230456,16.1155,3.855,71.6852894099998
"470",46.9,22.228354,16.7199230769231,3.85407692307692,74.3738962292308
"471",47,22.244655112782,16.2439166666666,3.85408333333333,72.2565149949999
"472",47.1,22.2597164179105,16.1540784313725,3.85594117647059,71.85689476
"473",47.2,22.2521616161616,16.086170212766,3.855,71.5548240638298
"474",47.3,22.2549178,15.670693877551,3.85481632653061,69.70669392
"475",47.4,22.2532359405941,15.19975,3.855,67.611831945
"476",47.5,22.2472134586466,15.3363333333333,3.85633333333333,68.21938466
"477",47.6,22.2533570149254,15.4599574468085,3.85344680851064,68.7692919140426
"478",47.7,22.24096,15.8241,3.855,70.389078102
"479",47.8,22.2408768316832,16.1535625,3.855,71.8545997837498
"480",47.9,22.2649363,16.7161690140845,3.85411267605634,74.357197331831
"481",48,22.2746286363636,16.2708979591837,3.85424489795918,72.37653372
"482",48.1,22.2547614925373,16.1759791666666,3.8556875,71.9543140487499
"483",48.2,22.243988,16.0785625,3.855,71.5209832837501
"484",48.3,22.2320517171717,15.7500625,3.8549375,70.05974301375
"485",48.4,22.2163959,15.1865208333333,3.855,67.55298570125
"486",48.5,22.2016703007519,15.3309811320755,3.85662264150943,68.1955768913207
"487",48.6,22.2019452238806,15.4280625,3.8531875,68.62741617375
"488",48.7,22.1782513,15.6189375,3.855,69.4764701662499
"489",48.8,22.1812643564356,15.4134081632653,3.855,68.5622304599999
"490",48.9,22.1764,15.1073333333333,3.854,67.20074228
"491",49,22.17535,15.2259387755102,3.85379591836735,67.72832538
"492",49.1,22.177423880597,15.4205,3.854375,68.59377651
"493",49.2,22.1944929292929,15.4628333333333,3.855,68.78208449
"494",49.3,22.2011088,15.3481063829787,3.8548085106383,68.2717537748936
"495",49.4,22.2078209,16.9090833333333,3.85489583333333,75.215322665
"496",49.5,22.2027071212121,17.4696530612245,3.85775510204082,77.70886014
"497",49.6,22.2068180882353,17.1050196078431,3.855,76.0868903199998
"498",49.7,22.2230315151515,15.9362631578948,3.855,70.8880045042107
"499",49.8,22.2395835294118,14.8606666666667,3.854,66.1035146800001
"500",49.9,22.27186,15.194,3.854,67.58625468
"501",50,22.2848342424242,15.229875,3.8521875,67.7458345725
"502",50.1,22.2538629411765,15.4472631578947,3.85412280701754,68.7128249242105
"503",50.2,22.3195453535354,15.4895416666667,3.85495833333333,68.9008890325
"504",50.3,22.3714257,15.4865555555556,3.85488888888889,68.8876061533333
"505",50.4,22.375635050505,16.9551666666667,3.85491666666667,75.42031147
"506",50.5,22.3740864444444,17.4895,3.8575,77.79714369
"507",50.6,22.3728880597015,17.4292708333334,3.855,77.5292311062501
"508",50.7,22.367968,17.6913958333333,3.855,78.69522077375
"509",50.8,22.3843858415842,17.69975,3.8546875,78.732381945
"510",50.9,22.4180941,16.1714255319149,3.8531914893617,71.9340584795746
"511",51,22.4347265909091,13.7255,3.85532692307692,61.05404361
"512",51.1,22.4223362686567,13.9765,3.855,62.1705468300001
"513",51.2,22.39489,14.1163333333333,3.855,62.79255626
"514",51.3,22.401072,14.4563333333333,3.855,64.30495106
"515",51.4,22.4044957575758,14.61375,3.85475,65.005175025
"516",51.5,22.4091008955224,13.6223454545454,3.855,60.595189497818
"517",51.6,22.4025350746269,17.3590000000002,3.855,77.2166509800007
"518",51.7,22.408446969697,17.8393333333333,3.85608333333333,79.35327932
"519",51.8,22.41044,17.631,3.854,78.42656682
"520",51.9,22.4131622772277,14.1960212765958,3.85217021276596,63.1470257629788
"521",52,22.4237203030303,13.775375,3.856625,61.2758985825
"522",52.1,22.4228540298507,14.1332857142857,3.855,62.86796418
"523",52.2,22.4148787,14.1756545454545,3.855,63.0564300621818
"524",52.3,22.4350889,14.515125,3.85525,64.5664693275
"525",52.4,22.4579033,14.6184583333333,3.85420833333333,65.0261187275
"526",52.5,22.4657138636364,13.2796666666667,3.855,59.0708788600001
"527",52.6,22.4556119117647,13.5166666666667,3.855,60.125107
"528",52.7,22.4754138613861,13.6686666666667,3.85333333333333,60.80123644
"529",52.8,22.489828,13.4556666666667,3.85483333333333,59.85376558
"530",52.9,22.489002,13.315,3.855,59.2280493
"531",53,22.4749943609023,13.2533333333333,3.854,58.9537424
"532",53.1,22.4458929850746,12.2233541666667,3.855,54.37216847125
"533",53.2,22.4458657575758,12.3263125,3.854,54.83014978875
"534",53.3,22.4482479,12.4874375,3.85822916666667,55.54686923625
"535",53.4,22.4406859,12.5538333333333,3.8534375,55.84221251
"536",53.5,22.4363672932331,13.5014375,3.8549375,60.05736431625
"537",53.6,22.4283604477612,13.547,3.855,60.26003634
"538",53.7,22.4426057575758,13.5624255319149,3.85234042553191,60.3286524995745
"539",53.8,22.4601988235294,13.6348333333333,3.84866666666667,60.65073833
"540",53.9,22.47026,13.214,3.857,58.77877908
"541",54,22.4597937593985,13.2646,3.854,59.003859012
"542",54.1,22.4694601492537,12.1924545454545,3.855,54.2347201581818
"543",54.2,22.4384596969697,12.351744680851,3.854,54.9432777242552
"544",54.3,22.4391084,12.480875,3.858125,55.5176777925
"545",54.4,22.4186393,12.5299583333333,3.85408333333333,55.7360112575
"546",54.5,22.4351035338346,12.5987346938776,3.855,56.04194364
"547",54.6,22.4576386567164,12.9355,3.85491666666667,57.53994981
"548",54.7,22.4411904040404,10.9958333333333,3.85516666666667,48.9118857499999
"549",54.8,22.4491070588235,11.16525,3.85325,49.665488355
"550",54.9,22.459164040404,11.606,3.85633333333333,51.62604132
"551",55,22.464198880597,11.9451666666667,3.855,53.13472927
"552",55.1,22.4518823880597,11.9378461538462,3.855,53.1021660184615
"553",55.2,22.477955959596,11.8802340425532,3.85659574468085,52.845894672766
"554",55.3,22.4654267326733,12.17175,3.854625,54.142621785
"555",55.4,22.4482717171717,12.1628064516129,3.85356451612903,54.1028389141934
"556",55.5,22.4482192537313,12.60775,3.855,56.082045705
"557",55.6,22.448073880597,12.88075,3.85448214285714,57.296409765
"558",55.7,22.4767429292929,11.0655,3.8555,49.2217784099999
"559",55.8,22.4731415,11.2718125,3.8535625,50.13950179875
"560",55.9,22.4895252525253,11.6406875,3.85570833333333,51.78033895125
"561",56,22.5031637313433,12.0082916666667,3.855,53.4155231575
"562",56.1,22.4955711940298,11.97575,3.855,53.270770665
"563",56.2,22.4816275,11.845085106383,3.85748936170213,52.6895444719149
"564",56.3,22.489272,12.2445625,3.8549375,54.46650780375
"565",56.4,22.507802970297,9.83408333333331,3.855,43.7441661649999
"566",56.5,22.5112582089552,10.286625,3.854875,45.7571710575
"567",56.6,22.5079627272727,10.3398,3.8542,45.9937051560002
"568",56.7,22.4992556565657,10.436,3.85325,46.42162392
"569",56.8,22.4967788118812,10.7570425531915,3.855,47.8496918259574
"570",56.9,22.494828,10.9908936170213,3.855,48.8899128051064
"571",57,22.5041078195489,10.5427916666667,3.855,46.8966567475
"572",57.1,22.5220406060606,10.8360408163265,3.8554693877551,48.2010934800001
"573",57.2,22.5261497,10.8661111111111,3.8542037037037,48.3348527666667
"574",57.3,22.541305959596,11.1987083333334,3.856375,49.8143183825004
"575",57.4,22.5500352,9.95216666666669,3.855,44.2694268100001
"576",57.5,22.5395236842105,10.3096458333333,3.85460416666667,45.85957278875
"577",57.6,22.5527210447761,10.4606382978724,3.85451063829787,46.5312204893618
"578",57.7,22.559488,10.4525,3.853625,46.49501955
"579",57.8,22.5599640594059,10.7773404255319,3.855,47.9399812276596
"580",57.9,22.5747274,11.0395744680851,3.855,49.1064559404255
"581",58,22.5862178947368,10.6643191489362,3.855,47.437237724681
"582",58.1,22.5605256716418,10.8971063829787,3.85442553191489,48.4727265548937
"583",58.2,22.5894847,10.8807692307692,3.85469230769231,48.4000553076923
"584",58.3,22.7021849494949,11.1435,3.8555,49.56873957
"585",58.4,23.0445874,11.1265,3.855,49.49311983
"586",58.5,23.56824,11.03275,3.855,49.076099205
"587",58.6,24.1193664179105,9.35841666666667,3.85595833333333,41.628296185
"588",58.7,29.6818543999996,9.58083333333334,3.85591666666667,42.61765445
"589",58.8,44.4909858000002,9.61920833333333,3.855,42.7883548925
"590",58.9,56.231654,10.0470416666667,3.855,44.6914516825
"591",59,57.6110736842105,9.8751875,3.8546875,43.92700654125
"592",59.1,56.8979920895522,7.69431666666668,3.85326666666667,34.2260132830001
"593",59.2,52.2648530303032,9.323,3.85525,41.47075506
"594",59.3,48.6894289108911,11.1211272727273,3.855,49.4692207570909
"595",59.4,46.136295,11.1339583333333,3.855,49.5262961375
"596",59.5,43.4166352631579,10.698375,3.855,47.5887256425
"597",59.6,40.3890253731343,9.36674074074074,3.85455555555556,41.6653234977778
"598",59.7,36.7730618181819,9.57574074074075,3.85581481481481,42.5950014777778
"599",59.8,34.3362584158416,9.609375,3.855,42.7446140625
"600",59.9,32.6155502,10.0492083333333,3.855,44.7010894925
"601",60,31.1842805263158,9.8839375,3.85477083333333,43.96592846625
"602",60.1,30.0426946268657,7.6913,3.8532,34.212594486
"603",60.2,29.5187763636364,8.08075,3.856,35.944953765
"604",60.3,29.1762842574257,8.29,3.855,36.8757438
"605",60.4,28.9284663636364,8.3185,3.855,37.00251807
"606",60.5,28.530413880597,7.8125,3.854,34.75171875
"607",60.6,27.8826126865672,8.14731250000001,3.8561875,36.24103840875
"608",60.7,27.4563287878788,8.26338888888889,3.85272222222222,36.7573717233333
"609",60.8,27.2963804950495,8.35793877551021,3.85461224489796,37.17795042
"610",60.9,26.3963203030303,6.7765625,3.855,30.14364084375
"611",61,25.6691476865672,6.810125,3.85722916666667,30.2929342275
"612",61.1,26.5579917910448,7.17685714285716,3.85614285714286,31.9242394800001
"613",61.2,27.3367792,8.03299999999998,3.85541666666667,35.7325512599999
"614",61.3,28.3011916,8.30282978723404,3.855,36.9328135161702
"615",61.4,29.0880634,8.35425,3.855,37.161541935
"616",61.5,29.7483351111111,8.05220833333338,3.85308333333333,35.8179941525002
"617",61.6,30.4050684848485,8.2161875,3.85491666666667,36.54740956125
"618",61.7,31.3793331313131,8.25225,3.854,36.707823495
"619",61.8,32.4395572,8.31340425531923,3.855,36.9798510765961
"620",61.9,33.2027294,6.34806249999999,3.85472916666667,28.23757857375
"621",62,34.2482857894737,6.87471186440678,3.859,30.5802308094915
"622",62.1,35.5055727272727,7.2190625,3.8554375,32.11197819375
"623",62.2,36.1053231,7.01753125000009,3.85565625,31.2155228568754
"624",62.3,36.6072517,5.37271428571431,3.85495918367347,23.8990151400001
"625",62.4,36.632451,5.93870175438597,3.854,26.4166519178947
"626",62.5,37.0038301,6.1033125,3.855875,27.14887672875
"627",62.6,38.0716622772278,6.09827083333338,3.85597916666667,27.1264502862502
"628",62.7,39.2151948,6.98846808510636,3.855,31.0862435055318
"629",62.8,40.4328286,7.48960869565217,3.855,33.3154271921739
"630",62.9,41.213582,7.39533333333334,3.85416666666667,32.89606964
"631",63,41.4700778947368,4.16250000000004,3.85708333333333,18.5157157500002
"632",63.1,42.9805800000001,5.6,3.855,24.910032
"633",63.2,52.6231822,7.13640425531922,3.85582978723404,31.7442961365961
"634",63.3,53.598447,5.47201785714285,3.855,24.3407392725
"635",63.4,52.9619621,5.94012765957447,3.854,26.4229946578723
"636",63.5,52.5256449253731,6.11448936170213,3.85621276595745,27.1985938685106
"637",63.6,51.8420434328358,6.22806250000002,3.8556875,27.7037921737501
"638",63.7,51.7447358,7.11008333333329,3.855,31.6272148849998
"639",63.8,51.8044704950495,7.524,3.855,33.46840728
"640",63.9,52.201618,5.86897916666659,3.85452083333333,26.1065105087497
"641",64,52.5272096969697,4.80352083333331,3.856,21.3671174412499
"642",64.1,52.63232,5.03475,3.854,22.395675645
"643",64.2,53.1316448484848,4.09620408163272,3.855,18.2208169200003
"644",64.3,54.5352349000002,4.32633333333337,3.855,19.2444824600002
"645",64.4,55.0465922,4.645,3.855,20.6619819
"646",64.5,54.1904233082707,3.30950000000037,3.8545,14.7213840900016
"647",64.6,54.0423119402985,3.70233333333338,3.856875,16.4687931800002
"648",64.7,54.6229082828283,3.9923793103448,3.855,17.7589814958619
"649",64.8,54.9240235294118,2.4744166666666,3.855,11.0067497049997
"650",64.9,55.400235,2.50710638297873,3.85442553191489,11.1521607548936
"651",65,55.8622721052631,2.86866666666666,3.85566666666667,12.76046044
"652",65.1,56.2851135820896,4.87075,3.85325,21.666167565
"653",65.2,56.6186318181818,4.30203030303032,3.855,19.1363772345455
"654",65.3,57.5489808000002,4.28960000000002,3.855,19.0810845120001
"655",65.4,58.2889517,4.565,3.855,20.3061243
"656",65.5,57.9019826119403,3.77675000000037,3.85375,16.7998148850016
"657",65.6,58.2061459701493,3.68366666666671,3.857,16.3857597400002
"658",65.7,59.0502254545454,4.095,3.855,18.2154609
"659",65.8,59.9260908910892,2.19714893617008,3.855,9.77340184085048
"660",65.9,61.4628521212121,2.53858333333334,3.85404166666667,11.292177155
"661",66,64.0253099999998,2.87941666666658,3.855875,12.8082788049996
"662",66.1,67.2493607462688,4.082375,3.855,18.1593021225
"663",66.2,69.4894512121212,3.95502127659605,3.855,17.5928047429801
"664",66.3,70.7078992,0.469594936708867,3.854,2.08886158936712
"665",66.4,71.1652428,0.85975,3.8585,3.824357145
"666",66.5,72.3695963703703,0.484000000000079,3.85468421052632,2.15293848000035
"667",66.6,74.7303540909091,0.270750000000033,3.85441666666667,1.20435556500014
"668",66.7,78.3786797999998,1.0892857142857,3.855,4.84538249999992
"669",66.8,82.5578500000004,-0.33576923076918,3.855,-1.49357540769208
"670",66.9,88.7125856000002,0.310041666666689,3.85352083333333,1.3791335425001
"671",67,96.0140774436086,0.115645833333251,3.85302083333333,0.514418108749634
"672",67.1,103.238227272728,4.0781875,3.855,18.14067520125
"673",67.2,111.901176,4.06391489361734,3.855,18.0771875080865
"674",67.3,118.820008000001,0.492020833333361,3.854,2.18861691125012
"675",67.4,125.035552,1.00637499999997,3.857875,4.47657740249989
"676",67.5,128.585748148148,0.1095625,3.854125,0.48735810375
"677",67.6,131.97925,0.667936170212742,3.855,2.97112703106372
"678",67.7,135.961637,0.2615000000002,3.855,1.16320953000089
"679",67.8,139.210037,-0.153125,3.8559375,-0.6811336875
"680",67.9,143.472422,-0.0752916666667687,3.85339583333333,-0.334913897500454
"681",68,147.896677443609,-0.467333333333349,3.85295833333333,-2.07880148000007
"682",68.1,150.2427,-0.148062499999974,3.85452083333333,-0.658614573749885
"683",68.2,150.2427,0.12379591836734,3.855,0.55067147999997
"684",68.3,150.2427,-2.251875,3.855625,-10.0168354125
"685",68.4,150.2427,-2.59451020408165,3.85344897959184,-11.5409521800001
"686",68.5,150.2427,-2.18587500000001,3.854625,-9.72325289250005
"687",68.6,150.2427,-2.89195833333336,3.855,-12.8640668975001
"688",68.7,150.2427,-2.8699387755102,3.85497959183673,-12.76611906
"689",68.8,150.2427,-2.89332075471705,3.85630188679245,-12.8701272475475
"690",68.9,150.2427,-2.42254000000008,3.8542,-10.7759908788003
"691",69,150.2427,-0.375666666666686,3.854,-1.67104798000009
"692",69.1,150.2427,-0.0101666666666515,3.855,-0.0452235699999324
"693",69.2,150.2427,-0.3885,3.8555,-1.72813347
"694",69.3,150.2427,-2.31833333333333,3.855,-10.3124567
"695",69.4,150.2427,-2.58575000000002,3.85258333333333,-11.5019848650001
"696",69.5,150.2427,-2.382,3.855,-10.59566004
"697",69.6,150.2427,-2.84916666666666,3.855,-12.67372015
"698",69.7,150.2427,-2.868,3.85433333333333,-12.75749496
"699",69.8,150.2427,-3.1321428571429,3.86171428571429,-13.9324605000002
"700",69.9,150.2427,-3.31095833333329,3.85341666666667,-14.7278710774998
"701",70,150.2427,-3.64224999999999,3.855,-16.201529295
"702",70.1,150.2427,-4.012,3.855,-17.84625864
"703",70.2,150.2427,-4.014,3.855,-17.85515508
"704",70.3,150.2427,-4.39583333333334,3.85566666666667,-19.55363375
"705",70.4,150.2427,-4.708,3.85583333333333,-20.94221976
"706",70.5,150.2427,-5.45275,3.855,-24.255031605
"707",70.6,150.2427,-5.9256326530612,3.85532653061224,-26.3585176799999
"708",70.7,150.2427,-4.93370833333336,3.85439583333333,-21.9462200825001
"709",70.8,150.2427,-3.86334693877544,3.85438775510204,-17.1850171199997
"710",70.9,150.2427,-3.40383333333333,3.85391666666667,-15.14099951
"711",71,150.2427,-3.65689795918368,3.855,-16.26668664
"712",71.1,150.2427,-3.9268125,3.855,-17.46732589875
"713",71.2,150.2427,-4.16708333333331,3.856375,-18.5361034249999
"714",71.3,150.2427,-4.43087719298247,3.85417543859649,-19.7095165473685
"715",71.4,150.2427,-4.72425,3.8555625,-21.014503335
"716",71.5,150.2427,-5.5965624999999,3.855,-24.8947412437495
"717",71.6,150.2427,-5.84539583333331,3.85560416666667,-26.0016066537499
"718",71.7,150.2427,-4.842125,3.8546875,-21.5388372675
"719",71.8,150.2427,-5.44438775510209,3.85234693877551,-24.2178345000002
"720",71.9,150.2427,-6.22466666666663,3.85527083333333,-27.6886867599998
"721",72,150.2427,-6.88149999999998,3.855,-30.6104259299999
"722",72.1,150.2427,-7.41408333333337,3.855,-32.9794737650001
"723",72.2,150.2427,-7.6983958333333,3.8510625,-34.2441583137499
"724",72.3,150.2427,-8.02694117647059,3.85247058823529,-35.70560028
"725",72.4,150.2427,-8.09044444444445,3.85425925925926,-35.9880767866667
"726",72.5,150.2427,-8.11933333333333,3.855,-36.11658092
"727",72.6,150.2427,-8.09775,3.85425,-36.020573505
"728",72.7,150.2427,-7.52016666666681,3.85466666666667,-33.4513557700006
"729",72.8,150.2427,-5.51667346938791,3.85704081632653,-24.5393772600007
"730",72.9,150.2427,-6.333,3.855,-28.17057726
"731",73,150.2427,-6.84399999999993,3.855,-30.4436176799997
"732",73.1,150.2427,-7.38116666666671,3.855,-32.8330531900002
"733",73.2,150.2427,-7.665375,3.851375,-34.0972743825
"734",73.3,150.2427,-8.09889795918371,3.85208163265306,-36.0256798800002
"735",73.4,150.2427,-8.13441666666667,3.855,-36.183674905
"736",73.5,150.2427,-8.14575,3.855,-36.234088065
"737",73.6,150.2427,-8.06395833333334,3.85379166666667,-35.8702607375
"738",73.7,150.2427,-7.8175,3.855125,-34.77395985
"739",73.8,150.2427,-8.82491666666684,3.85345833333333,-39.2551708150008
"740",73.9,150.2427,-10.2950921052632,3.85419736842105,-45.7948346044737
"741",74,150.2427,-9.77775000000002,3.855,-43.4935831050001
"742",74.1,150.2427,-9.400125,3.855,-41.8138240275
"743",74.2,150.2427,-9.70506249999999,3.859375,-43.17025311375
"744",74.3,150.2427,-10.1699791666667,3.85504166666667,-45.2383047287502
"745",74.4,150.2427,-10.6003333333334,3.855,-47.1526147400001
"746",74.5,150.2427,-11.34125,3.855,-50.4483750749999
"747",74.6,150.2427,-11.93275,3.854,-53.079497205
"748",74.7,150.2427,-11.4370000000001,3.85829166666667,-50.8742921400007
"749",74.8,150.2427,-8.64122807017551,3.8530350877193,-38.4380835263161
"750",74.9,150.2427,-10.6346666666669,3.855,-47.3053369600009
"751",75,150.2427,-9.693,3.855,-43.11659646
"752",75.1,150.2427,-9.40386153846153,3.855,-41.8304449726154
"753",75.2,150.2427,-9.699125,3.85875,-43.1438418075
"754",75.3,150.2427,-10.12575,3.8555,-45.041563665
"755",75.4,150.2427,-10.5923265306122,3.855,-47.1169987199999
"756",75.5,150.2427,-11.327875,3.855,-50.3888801324999
"757",75.6,150.2427,-11.9395833333333,3.854,-53.109893375
"758",75.7,150.2427,-12.3409583333333,3.85879166666667,-54.8952976774999
"759",75.8,150.2427,-12.913387755102,3.85412244897959,-57.44158968
"760",75.9,150.2427,-13.4196153846154,3.855,-59.6934015461539
"761",76,150.2427,-11.71825,3.85925,-52.125354015
"762",76.1,150.2427,-11.887,3.853,-52.87599114
"763",76.2,150.2427,-12.822375,3.8549375,-57.0367449225
"764",76.3,150.2427,-13.1882291666667,3.85402083333333,-58.6641447437502
"765",76.4,150.2427,-13.6380833333333,3.85491666666667,-60.6651950450001
"766",76.5,150.2427,-14.3615,3.85483333333333,-63.8831115299999
"767",76.6,150.2427,-14.82125,3.85575,-65.928180675
"768",76.7,150.2427,-13.7270000000001,3.85666666666667,-61.0607159400004
"769",76.8,150.2427,-13.0239591836735,3.85440816326531,-57.9334357200003
"770",76.9,150.2427,-13.4433125,3.85489583333333,-59.79881152875
"771",77,150.2427,-12.8725074626866,3.85513432835821,-57.2597451456717
"772",77.1,150.2427,-11.876875,3.853375,-52.8309529125
"773",77.2,150.2427,-12.8342499999999,3.85495833333333,-57.0895675349995
"774",77.3,150.2427,-13.1964583333334,3.85404166666667,-58.7007498875003
"775",77.4,150.2427,-13.6410204081633,3.85489795918367,-60.6782597999999
"776",77.5,150.2427,-14.3615,3.85483333333333,-63.8831115299999
"777",77.6,150.2427,-14.82125,3.85575,-65.928180675
"778",77.7,150.2427,-15.1578039215686,3.85505882352941,-67.4252465599999
"779",77.8,150.2427,-15.8613200000001,3.85466,-70.5546408504003
"780",77.9,150.2427,-16.128875,3.855,-71.7447843525
"781",78,150.2427,-16.7735283018868,3.85364150943396,-74.6123440630187
"782",78.1,150.2427,-17.1773333333333,3.86133333333333,-76.40855768
"783",78.2,150.2427,-17.0214255319149,3.85534042553191,-75.7150454795746
"784",78.3,150.2427,-16.2023333333333,3.85441666666667,-72.0715431799997
"785",78.4,150.2427,-15.6645,3.8545,-69.67914219
"786",78.5,150.2427,-17.0821538461538,3.85361538461538,-75.9851783815382
"787",78.6,150.2427,-18.2520677966102,3.85352542372881,-81.1892130142374
"788",78.7,150.2427,-16.3139375,3.8536875,-72.56798306625
"789",78.8,150.2427,-15.9604166666667,3.85447916666667,-70.9954446250002
"790",78.9,150.2427,-16.0843548387097,3.855,-71.5467488806451
"791",79,150.2427,-16.7531041666666,3.85372916666667,-74.5214930162498
"792",79.1,150.2427,-17.1805,3.86125,-76.42264371
"793",79.2,150.2427,-17.009125,3.85539583333333,-75.6603300075001
"794",79.3,150.2427,-16.1773333333333,3.85447916666667,-71.9603376799996
"795",79.4,150.2427,-15.6833125,3.8544375,-69.76282432875
"796",79.5,150.2427,-17.1370833333333,3.8538125,-76.2295168249996
"797",79.6,150.2427,-18.2868461538462,3.85334615384615,-81.3439147984616
"798",79.7,150.2427,-18.3793333333333,3.85466666666667,-81.75531812
"799",79.8,150.2427,-18.4879583333333,3.855,-82.2385060175001
"800",79.9,150.2427,-18.7920625,3.8548125,-83.59122825375
"801",80,150.2427,-19.0824583333333,3.85410416666667,-84.8829728074999
"802",80.1,150.2427,-19.5101666666667,3.856,-86.7855135700001
"803",80.2,150.2427,-19.5937916666666,3.85595833333333,-87.1574959674998
"804",80.3,150.2427,-19.955,3.855,-88.7642301
"805",80.4,150.2427,-20.428375,3.855,-90.8699062425001
"806",80.5,150.2427,-20.906,3.85483333333333,-92.99448732
"807",80.6,150.2427,-19.60275,3.855,-87.197344605
"808",80.7,150.2427,-18.43725,3.855,-82.012944195
"809",80.8,150.2427,-18.4615319148936,3.85444680851064,-82.120955494468
"810",80.9,150.2427,-18.96225,3.855,-84.348259695
"811",81,150.2427,-19.2637916666666,3.85520833333333,-85.6895833674999
"812",81.1,150.2427,-19.4820625,3.8553125,-86.66050005375
"813",81.2,150.2427,-19.8701458333333,3.85522916666667,-88.3867800987497
"814",81.3,150.2427,-19.9316666666667,3.855,-88.6604383
"815",81.4,150.2427,-20.5836875,3.855,-91.56077041125
"816",81.5,150.2427,-21.0021458333332,3.8520625,-93.4221651387495
"817",81.6,150.2427,-22.1139090909091,3.85227272727273,-98.3675326963638
"818",81.7,150.2427,-22.4344583333333,3.85495833333333,-99.7934062475001
"819",81.8,150.2427,-20.818125,3.855125,-92.6035999874999
"820",81.9,150.2427,-20.463,3.8544,-91.0239258600002
"821",82,150.2427,-22.4378541666666,3.858625,-99.8085116612497
"822",82.1,150.2427,-23.388625,3.852625,-104.0377494975
"823",82.2,150.2427,-23.6012083333334,3.855,-104.9833669325
"824",82.3,150.2427,-24.3016666666668,3.855,-108.099159700001
"825",82.4,150.2427,-25.303375,3.8589375,-112.5549787425
"826",82.5,150.2427,-22.1785,3.856125,-98.65484727
"827",82.6,150.2427,-22.22875,3.854125,-98.8783703250001
"828",82.7,150.2427,-22.3527083333333,3.85420833333333,-99.4297642625
"829",82.8,150.2427,-20.200875,3.855875,-89.8579361925
"830",82.9,150.2427,-21.0431250000001,3.85591666666667,-93.6044494875003
"831",83,150.2427,-22.9021041666666,3.854125,-101.87359779625
"832",83.1,150.2427,-23.4916875,3.8540625,-104.49619417125
"833",83.2,150.2427,-23.5371041666666,3.855,-104.69821749625
"834",83.3,150.2427,-24.7351250000001,3.855,-110.0272777275
"835",83.4,150.2427,-25.4095625,3.86075,-113.02732410375
"836",83.5,150.2427,-25.4528979591837,3.85416326530612,-113.22008976
"837",83.6,150.2427,-25.4667083333334,3.855,-113.2815213425
"838",83.7,150.2427,-25.67975,3.855,-114.229177545
"839",83.8,150.2427,-25.736,3.855875,-114.47938992
"840",83.9,150.2427,-25.1022916666666,3.857125,-111.6605158375
"841",84,150.2427,-25.397612244898,3.85589795918367,-112.97416674
"842",84.1,150.2427,-27.6875833333337,3.85414583333333,-123.160461935001
"843",84.2,150.2427,-27.6088421052632,3.85421052631579,-122.810203629474
"844",84.3,150.2427,-27.4966666666666,3.85416666666667,-122.3112226
"845",84.4,150.2427,-25.4641666666668,3.85858333333333,-113.27021545
"846",84.5,150.2427,-25.4707647058824,3.85547058823529,-113.29956498
"847",84.6,150.2427,-25.6286491228071,3.855,-114.001869601053
"848",84.7,150.2427,-25.61225,3.855,-113.928922695
"849",84.8,150.2427,-25.594,3.856625,-113.84774268
"850",84.9,150.2427,-25.8995000000001,3.86333333333333,-115.20667389
"851",85,150.2427,-25.337,3.855,-112.70455014
"852",85.1,150.2427,-27.9680833333333,3.85408333333333,-124.408187645
"853",85.2,150.2427,-27.6991666666666,3.85416666666667,-123.21198715
"854",85.3,150.2427,-27.79075,3.856,-123.619369965
"855",85.4,150.2427,-28.1653333333333,3.856,-125.28559904
"856",85.5,150.2427,-28.620081632653,3.85438775510204,-127.30841952
"857",85.6,150.2427,-28.115625,3.855,-125.0644854375
"858",85.7,150.2427,-29.2807346938776,3.855,-130.24714968
"859",85.8,150.2427,-29.0270000000002,3.8539387755102,-129.118481940001
"860",85.9,150.2427,-29.4553333333334,3.85445833333333,-131.02380284
"861",86,150.2427,-29.8408163265305,3.855,-132.738516
"862",86.1,150.2427,-29.45,3.855,-131.000079
"863",86.2,150.2427,-30.3289583333333,3.855,-134.9098790375
"864",86.3,150.2427,-28.509857142857,3.85885714285714,-126.81811674
"865",86.4,150.2427,-27.9961875,3.856,-124.53320116125
"866",86.5,150.2427,-28.6575208333333,3.85460416666667,-127.47495732125
"867",86.6,150.2427,-28.0959375,3.855,-124.97691110625
"868",86.7,150.2427,-29.162375,3.855,-129.7206597225
"869",86.8,150.2427,-29.3197708333336,3.85445833333333,-130.420791016251
"870",86.9,150.2427,-29.3015,3.8541875,-130.33951833
"871",87,150.2427,-30.1847307692307,3.855,-134.268323102307
"872",87.1,150.2427,-29.2911249999999,3.855,-130.2933680475
"873",87.2,150.2427,-30.9746874999998,3.855,-137.782224431249
"874",87.3,150.2427,-30.434125,3.8568125,-135.3776835075
"875",87.4,150.2427,-30.0208333333334,3.85414583333333,-133.53927125
"876",87.5,150.2427,-31.5240172413794,3.85481034482759,-140.225763973449
"877",87.6,150.2427,-30.5034999999999,3.855,-135.68627877
"878",87.7,150.2427,-29.6706875,3.8548125,-131.98174555125
"879",87.8,150.2427,-33.7433125,3.85572916666667,-150.09767752875
"880",87.9,150.2427,-33.0751014492754,3.85405797101449,-147.125327768696
"881",88,150.2427,-32.4015918367347,3.855,-144.12940884
"882",88.1,150.2427,-33.89375,3.85425,-150.766856625
"883",88.2,150.2427,-35.2598888888889,3.854,-156.843742953333
"884",88.3,150.2427,-31.1326666666665,3.8580625,-138.484950519999
"885",88.4,150.2427,-30.0073829787234,3.854,-133.479441113617
"886",88.5,150.2427,-31.4199999999999,3.855,-139.763072399999
"887",88.6,150.2427,-30.6899166666666,3.85472916666667,-136.515501115
"888",88.7,150.2427,-29.7694285714286,3.855,-132.42096756
"889",88.8,150.2427,-33.298625,3.85575,-148.1196096975
"890",88.9,150.2427,-33.0680416666666,3.85404166666667,-147.0939243025
"891",89,150.2427,-32.2325833333333,3.855,-143.377621835
"892",89.1,150.2427,-34.644625,3.854,-154.1069138175
"893",89.2,150.2427,-34.8868333333334,3.855875,-155.18430977
"894",89.3,150.2427,-34.0722083333333,3.853,-151.5606785525
"895",89.4,150.2427,-35.80275,3.85625,-159.258508605
"896",89.5,150.2427,-36.0184285714286,3.854,-160.21789434
"897",89.6,150.2427,-35.2557636363636,3.85443636363636,-156.825392922545
"898",89.7,150.2427,-36.3893125,3.8544375,-161.86766764875
"899",89.8,150.2427,-37.2441818181818,3.85172727272727,-165.670314447273
"900",89.9,150.2427,-36.3895416666666,3.85445833333333,-161.8686870325
"901",90,150.2427,-36.0465,3.854,-160.34276223
"902",90.1,150.2427,-38.8535,3.854375,-172.82891577
"903",90.2,150.2427,-35.0194166666666,3.860375,-155.774069605
"904",90.3,150.2427,-34.0177083333333,3.853,-151.3182505625
"905",90.4,150.2427,-36.5305964912279,3.85556140350877,-162.49612992421
"906",90.5,150.2427,-35.8687346938776,3.854,-159.55202304
"907",90.6,150.2427,-35.1569814814814,3.85468518518519,-156.385988165555
"908",90.7,150.2427,-37.309520833333,3.85472916666667,-165.960956761249
"909",90.8,150.2427,-37.0840204081632,3.85365306122449,-164.95788126
"910",90.9,150.2427,-36.2276458333334,3.85485416666667,-161.14853874875
"911",91,150.2427,-36.05125,3.854,-160.363891275
"912",91.1,150.2427,-38.6051666666666,3.85410416666667,-171.72427447
"913",91.2,150.2427,-37.8922448979592,3.85310204081633,-168.5530416
"914",91.3,150.2427,-37.7535000000007,3.854,-167.935873770003
"915",91.4,150.2427,-40.614,3.855,-180.66000708
"916",91.5,150.2427,-39.3043333333333,3.85466666666667,-174.83432162
"917",91.6,150.2427,-39.8341666666667,3.855,-177.19113685
"918",91.7,150.2427,-43.3753541666668,3.8554375,-192.94311791125
"919",91.8,150.2427,-42.2101875,3.8535625,-187.76020024125
"920",91.9,150.2427,-41.4654791666666,3.855,-184.44757373875
"921",92,150.2427,-42.8852291666666,3.85327083333333,-190.76293408375
"922",92.1,150.2427,-39.5318749999998,3.85854166666667,-175.846477012499
"923",92.2,150.2427,-37.69875,3.853625,-167.692333725
"924",92.3,150.2427,-39.5816250000003,3.854,-176.067775957502
"925",92.4,150.2427,-40.2414166666668,3.855,-179.002674445
"926",92.5,150.2427,-39.2834375,3.8543125,-174.74137235625
"927",92.6,150.2427,-40.4563461538462,3.855,-179.958728088462
"928",92.7,150.2427,-43.0858979591837,3.85626530612245,-191.65555302
"929",92.8,150.2427,-42.1289375,3.8538125,-187.39878236625
"930",92.9,150.2427,-41.4147755102041,3.855,-184.22203272
"931",93,150.2427,-43.2194999999998,3.85316666666667,-192.249844289999
"932",93.1,150.2427,-42.4655833333333,3.85516666666667,-188.896257095
"933",93.2,150.2427,-41.795,3.85829411764706,-185.9133549
"934",93.3,150.2427,-41.3017291666667,3.85489583333333,-183.71917771375
"935",93.4,150.2427,-45.8824791666665,3.855,-204.095361478749
"936",93.5,150.2427,-44.9925625,3.855,-200.13681636375
"937",93.6,150.2427,-44.3262916666666,3.854,-197.1730971175
"938",93.7,150.2427,-46.024208333333,3.85345833333333,-204.725803992498
"939",93.8,150.2427,-47.9075625,3.855,-213.10337766375
"940",93.9,150.2427,-46.8958541666666,3.85460416666667,-208.60307642125
"941",94,150.2427,-44.0202083333337,3.85483333333333,-195.811571112502
"942",94.1,150.2427,-42.0959166666666,3.855,-187.251898435
"943",94.2,150.2427,-41.542625,3.8568125,-184.7907353775
"944",94.3,150.2427,-42.7703333333336,3.855,-190.251852140001
"945",94.4,150.2427,-45.81125,3.855,-203.778518475
"946",94.5,150.2427,-44.772625,3.855,-199.1584859775
"947",94.6,150.2427,-44.0117142857143,3.854,-195.77378772
"948",94.7,150.2427,-48.0597916666659,3.85454166666667,-213.780526487497
"949",94.8,150.2427,-47.7794210526315,3.855,-212.533376314737
"950",94.9,150.2427,-46.8519152542373,3.85438983050847,-208.407626472203
"951",95,150.2427,-46.13875,3.855,-205.235310525
"952",95.1,150.2427,-49.6471600000001,3.85388,-220.8414900552
"953",95.2,150.2427,-48.9004693877551,3.85397959183673,-217.52004594
"954",95.3,150.2427,-47.974875,3.8544375,-213.4027984725
"955",95.4,150.2427,-47.2363469387755,3.85436734693878,-210.11766318
"956",95.5,150.2427,-51.1347916666665,3.857,-227.458802987499
"957",95.6,150.2427,-50.5845,3.858375,-225.01098459
"958",95.7,150.2427,-49.8302549019609,3.85478431372549,-221.65593646
"959",95.8,150.2427,-49.2805,3.855,-219.21050571
"960",95.9,150.2427,-51.4049166666664,3.855,-228.660378414999
"961",96,150.2427,-46.1990625000002,3.855,-205.503593793751
"962",96.1,150.2427,-49.9178979591835,3.853,-222.045792059999
"963",96.2,150.2427,-48.6128333333334,3.85496296296296,-216.24057749
"964",96.3,150.2427,-47.7558125,3.8540625,-212.42836027875
"965",96.4,150.2427,-47.5668571428574,3.85442857142857,-211.587845280001
"966",96.5,150.2427,-51.2550416666668,3.85679166666667,-227.9937014425
"967",96.6,150.2427,-50.4405666666667,3.85783333333333,-224.370737458
"968",96.7,150.2427,-49.7439454545455,3.85498181818182,-221.272013049818
"969",96.8,150.2427,-49.2859375,3.855,-219.23469290625
"970",96.9,150.2427,-52.4543333333338,3.855,-233.328414620002
"971",97,150.2427,-52.3443333333334,3.85304166666667,-232.83911042
"972",97.1,150.2427,-51.2843888888889,3.85683333333333,-228.124244343333
"973",97.2,150.2427,-50.3739272727273,3.85489090909091,-224.074310773091
"974",97.3,150.2427,-49.85175,3.854,-221.751551385
"975",97.4,150.2427,-57.3267058823533,3.85596078431373,-255.001799640001
"976",97.5,150.2427,-55.6070416666667,3.85404166666667,-247.3523548825
"977",97.6,150.2427,-54.6957959183673,3.85224489795918,-243.29893332
"978",97.7,150.2427,-53.858,3.855,-239.57223276
"979",97.8,150.2427,-53.1475,3.85479166666667,-236.41177245
"980",97.9,150.2427,-53.669125,3.85527083333333,-238.7320752075
"981",98,150.2427,-52.1005625000001,3.8540625,-231.75476412375
"982",98.1,150.2427,-51.0922857142857,3.85571428571429,-227.26972716
"983",98.2,150.2427,-50.36616,3.85454,-224.0397602352
"984",98.3,150.2427,-51.9058367346941,3.85451020408163,-230.888581080001
"985",98.4,150.2427,-57.0330769230769,3.85384615384615,-253.695673430769
"986",98.5,150.2427,-55.4708125,3.8543125,-246.74637757875
"987",98.6,150.2427,-54.5435208333333,3.85279166666667,-242.62158024125
"988",98.7,150.2427,-53.779962962963,3.855,-239.225106851111
"989",98.8,150.2427,-53.1095,3.854625,-236.24274009
"990",98.9,150.2427,-57.7468333333337,3.85875,-256.870618970002
"991",99,150.2427,-58.3035714285715,3.85548979591837,-259.3471125
"992",99.1,150.2427,-57.1728333333333,3.85416666666667,-254.31734069
"993",99.2,150.2427,-55.8539038461539,3.855,-248.450452166539
"994",99.3,150.2427,-55.713,3.85464583333333,-247.82368086
"995",99.4,150.2427,-55.2205,3.85910416666667,-245.63293251
"996",99.5,150.2427,-61.7362244897961,3.85379591836735,-274.616308500001
"997",99.6,150.2427,-59.73625,3.855125,-265.719981975
"998",99.7,150.2427,-58.5581632653061,3.855,-260.479593
"999",99.8,150.2427,-57.2329374999999,3.85489583333333,-254.584697246249
"1000",99.9,150.2427,-59.7834791666664,3.86185416666667,-265.930067698749
"1001",100,150.2427,-57.933875,3.854875,-257.7026214525
"1002",100.1,150.2427,-56.9536530612245,3.855,-253.34237862
"1003",100.2,150.2427,-55.4988181818182,3.85489090909091,-246.870953012727
"1004",100.3,150.2427,-55.653625,3.8549375,-247.5595677975
"1005",100.4,150.2427,-56.3424375000008,3.85983333333333,-250.623557336253
"1006",100.5,150.2427,-61.1272500000001,3.85445833333333,-271.907455995001
"1007",100.6,150.2427,-59.5588125,3.855,-264.93070093875
"1008",100.7,150.2427,-58.449625,3.85460416666667,-259.9967909175
"1009",100.8,150.2427,-57.8290612244898,3.85640816326531,-257.23638672
"1010",100.9,150.2427,-57.2213333333334,3.85554166666667,-254.53307936
"1011",101,150.2427,-63.786,3.855375,-283.73416092
"1012",101.1,150.2427,-63.1618749999999,3.855,-280.9579156125
"1013",101.2,150.2427,-62.221125,3.855,-276.7732526475
"1014",101.3,150.2427,-61.377375,3.855875,-273.0200670225
"1015",101.4,150.2427,-60.6362916666667,3.85491666666667,-269.7235653175
"1016",101.5,150.2427,-60.5091249999992,3.85308333333333,-269.157900007496
"1017",101.6,150.2427,-66.5891836734694,3.855,-296.2033386
"1018",101.7,150.2427,-62.463375,3.8541875,-277.8508339425
"1019",101.8,150.2427,-57.6430208333333,3.8571875,-256.40883813125
"1020",101.9,150.2427,-58.9267916666661,3.856,-262.119333227498
"1021",102,150.2427,-64.2659375,3.855,-285.86902850625
"1022",102.1,150.2427,-62.742,3.855,-279.09021924
"1023",102.2,150.2427,-61.7325,3.855,-274.59974115
"1024",102.3,150.2427,-61.0223333333332,3.854,-271.44076358
"1025",102.4,150.2427,-60.4032,3.8568,-268.686722304
"1026",102.5,150.2427,-64.206499999999,3.854,-285.604637429995
"1027",102.6,150.2427,-66.303,3.855,-294.93033066
"1028",102.7,150.2427,-64.86025,3.85458333333333,-288.512661255
"1029",102.8,150.2427,-64.12,3.855,-285.2198664
"1030",102.9,150.2427,-63.36725,3.85425,-281.871468795
"1031",103,150.2427,-62.6935714285714,3.855,-278.8747983
"1032",103.1,150.2427,-69.376125,3.855,-308.6002667475
"1033",103.2,150.2427,-69.2994583333335,3.85495833333333,-308.259236547501
"1034",103.3,150.2427,-67.8385416666666,3.85029166666667,-301.7607578125
"1035",103.4,150.2427,-67.1008,3.85503636363636,-298.479120576
"1036",103.5,150.2427,-66.5179411764706,3.85494117647059,-295.8864363
"1037",103.6,150.2427,-65.7335833333333,3.85416666666667,-292.397440055
"1038",103.7,150.2427,-64.5863137254902,3.85562745098039,-287.29413244
"1039",103.8,150.2427,-63.989,3.853125,-284.63714958
"1040",103.9,150.2427,-63.2258333333334,3.85416666666667,-281.24241635
"1041",104,150.2427,-62.62425,3.855,-278.566441335
"1042",104.1,150.2427,-70.2946666666666,3.85466666666667,-312.68614216
"1043",104.2,150.2427,-68.9626666666667,3.85458333333333,-306.76111312
"1044",104.3,150.2427,-67.6355,3.8535,-300.85758381
"1045",104.4,150.2427,-66.90775,3.855,-297.620391705
"1046",104.5,150.2427,-66.3313333333334,3.85433333333333,-295.05636356
"1047",104.6,150.2427,-65.52475,3.8555,-291.468503445
"1048",104.7,150.2427,-68.4560408163264,3.856,-304.507529879999
"1049",104.8,150.2427,-72.5491153846153,3.85163461538462,-322.714426036153
"1050",104.9,150.2427,-71.042775510204,3.85532653061224,-316.01389488
"1051",105,150.2427,-70.227625,3.855,-312.3879260775
"1052",105.1,150.2427,-69.5569166666666,3.85402083333333,-309.404467855
"1053",105.2,150.2427,-70.3912083333334,3.85458333333333,-313.1155807325
"1054",105.3,150.2427,-75.1012499999997,3.85441666666667,-334.066882274999
"1055",105.4,150.2427,-73.4774489795918,3.855,-326.8438581
"1056",105.5,150.2427,-72.5314383561644,3.85439726027397,-322.635794724658
"1057",105.6,150.2427,-68.1119830508476,3.85438983050847,-302.977085246441
"1058",105.7,150.2427,-66.6916666666663,3.856,-296.659205499998
"1059",105.8,150.2427,-72.9588333333331,3.85275,-324.536941609999
"1060",105.9,150.2427,-71.2135,3.856,-316.77331497
"1061",106,150.2427,-70.31475,3.855,-312.775477245
"1062",106.1,150.2427,-69.6745,3.854375,-309.92750439
"1063",106.2,150.2427,-70.3912083333334,3.85458333333333,-313.1155807325
"1064",106.3,150.2427,-75.707423076923,3.85526923076923,-336.76327347923
"1065",106.4,150.2427,-73.7649166666666,3.855,-328.122577615
"1066",106.5,150.2427,-72.627641509434,3.85456603773585,-323.063727515094
"1067",106.6,150.2427,-71.7910416666666,3.855,-319.3423473625
"1068",106.7,150.2427,-74.6665,3.8555,-332.13301863
"1069",106.8,150.2427,-77.2144791666665,3.85652083333333,-343.466990518749
"1070",106.9,150.2427,-75.6549583333333,3.85452083333333,-336.5298987575
"1071",107,150.2427,-74.439,3.855,-331.12104858
"1072",107.1,150.2427,-74.0224897959183,3.85551020408163,-329.26831956
"1073",107.2,150.2427,-79.4304999999999,3.85625,-353.324338709999
"1074",107.3,150.2427,-80.5296530612245,3.85351020408163,-358.21361334
"1075",107.4,150.2427,-79.0604166666666,3.855,-351.678126625
"1076",107.5,150.2427,-78.5118064516129,3.855,-349.237787694193
"1077",107.6,150.2427,-76.4539259259254,3.855,-340.08388238222
"1078",107.7,150.2427,-72.0876458333327,3.85985416666667,-320.661707948747
"1079",107.8,150.2427,-77.588135135135,3.85689189189189,-345.12909447081
"1080",107.9,150.2427,-76.1877916666666,3.85458333333333,-338.9000586475
"1081",108,150.2427,-74.6575416666668,3.855,-332.0931699925
"1082",108.1,150.2427,-74.1831428571428,3.855,-329.98293972
"1083",108.2,150.2427,-83.2532500000001,3.85716666666667,-370.328771715
"1084",108.3,150.2427,-80.897,3.853,-359.84765334
"1085",108.4,150.2427,-79.2589166666666,3.855,-352.561098295
"1086",108.5,150.2427,-78.0068333333332,3.855,-346.991556169999
"1087",108.6,150.2427,-83.478,3.8535,-371.32850916
"1088",108.7,150.2427,-81.8143333333334,3.86333333333334,-363.92815382
"1089",108.8,150.2427,-81.3318333333336,3.85441666666667,-361.781887670001
"1090",108.9,150.2427,-83.1175714285715,3.855,-369.72524358
"1091",109,150.2427,-81.8888333333334,3.85435416666667,-364.25954621
"1092",109.1,150.2427,-82.3245,3.8545625,-366.19748739
"1093",109.2,150.2427,-85.2224897959185,3.85448979591837,-379.08838356
"1094",109.3,150.2427,-83.6284166666666,3.85558333333333,-371.997595585
"1095",109.4,150.2427,-86.1233333333329,3.855,-383.095533799998
"1096",109.5,150.2427,-87.081,3.855,-387.35544582
"1097",109.6,150.2427,-82.9129999999998,3.8525,-368.815264859999
"1098",109.7,150.2427,-81.491612244898,3.85571428571429,-362.49261942
"1099",109.8,150.2427,-81.6512000000001,3.85464,-363.202500864
"1100",109.9,150.2427,-82.8581428571428,3.855,-368.57124822
"1101",110,150.2427,-81.7651666666667,3.85464583333333,-363.70944967
"1102",110.1,150.2427,-82.9333333333336,3.85429166666667,-368.905712000001
"1103",110.2,150.2427,-84.9187916666668,3.85420833333333,-377.7374674675
"1104",110.3,150.2427,-83.463857142857,3.85585714285714,-371.26559862
"1105",110.4,150.2427,-86.1536122448977,3.855,-383.230221059999
"1106",110.5,150.2427,-87.19725,3.855,-387.872551395
"1107",110.6,150.2427,-86.0623333333333,3.85916666666667,-382.82419238
"1108",110.7,150.2427,-90.5447959183673,3.85575510204082,-402.7631721
"1109",110.8,150.2427,-89.0996153846154,3.85476923076923,-396.334691146154
"1110",110.9,150.2427,-91.698666666667,3.855,-407.895843040001
"1111",111,150.2427,-90.2835918367347,3.855,-401.60127888
"1112",111.1,150.2427,-91.7020000000002,3.85120833333333,-407.910670440001
"1113",111.2,150.2427,-92.8855833333335,3.85497916666667,-413.175509495001
"1114",111.3,150.2427,-92.1118125000004,3.855,-409.733606598752
"1115",111.4,150.2427,-93.098705882353,3.855,-414.12352548
"1116",111.5,150.2427,-89.6572857142862,3.85479591836735,-398.815331460002
"1117",111.6,150.2427,-87.029354166667,3.858375,-387.125713791252
"1118",111.7,150.2427,-90.3110816326531,3.85530612244898,-401.72355954
"1119",111.8,150.2427,-88.9978333333334,3.855,-395.88194219
"1120",111.9,150.2427,-91.6655,3.855,-407.74831041
"1121",112,150.2427,-89.81475,3.8555625,-399.515767245
"1122",112.1,150.2427,-92.4506949152545,3.85196610169492,-411.241030135933
"1123",112.2,150.2427,-92.7446530612245,3.85477551020408,-412.54862064
"1124",112.3,150.2427,-92.4678750000004,3.855,-411.317450932502
"1125",112.4,150.2427,-93.0899375,3.855,-414.08452178625
"1126",112.5,150.2427,-92.3875833333329,3.85372916666667,-410.960295934998
"1127",112.6,150.2427,-93.6345,3.8565,-416.50685559
"1128",112.7,150.2427,-93.3487142857139,3.85538775510204,-415.235617859998
"1129",112.8,150.2427,-94.43925,3.8555625,-420.086560635
"1130",112.9,150.2427,-93.558,3.854,-416.16656676
"1131",113,150.2427,-95.6319310344828,3.85515517241379,-425.391868266207
"1132",113.1,150.2427,-95.4699375,3.856125,-424.67128538625
"1133",113.2,150.2427,-97.0647959183675,3.85597959183673,-431.765566500001
"1134",113.3,150.2427,-99.0924166666667,3.855,-440.784869665
"1135",113.4,150.2427,-98.1007192982457,3.85485964912281,-436.373581596842
"1136",113.5,150.2427,-97.2809591836735,3.8530612244898,-432.72710826
"1137",113.6,150.2427,-93.6345,3.8565,-416.50685559
"1138",113.7,150.2427,-93.2133030303027,3.85554545454545,-414.633278805453
"1139",113.8,150.2427,-95.0066666666666,3.85483333333333,-422.6105548
"1140",113.9,150.2427,-93.5911764705882,3.85405882352941,-416.314143
"1141",114,150.2427,-95.9034705882353,3.85464705882353,-426.59973594
"1142",114.1,150.2427,-95.0832244897959,3.85763265306122,-422.95110084
"1143",114.2,150.2427,-97.78175,3.853,-434.954735985
"1144",114.3,150.2427,-97.1906666666669,3.855,-432.325467280001
"1145",114.4,150.2427,-98.7174,3.855,-439.116713028
"1146",114.5,150.2427,-98.2520416666664,3.85354166666667,-437.046696782499
"1147",114.6,150.2427,-97.315375,3.85183333333333,-432.8801973825
"1148",114.7,150.2427,-100.182090909091,3.85427272727273,-445.631980423636
"1149",114.8,150.2427,-100.02818367347,3.855,-444.947367180001
"1150",114.9,150.2427,-101.282428571429,3.85471428571429,-450.52652442
"1151",115,150.2427,-102.19531372549,3.85498039215686,-454.58723842
"1152",115.1,150.2427,-101.8024375,3.8671875,-452.83963853625
"1153",115.2,150.2427,-103.119083333333,3.85685416666667,-458.696368865
"1154",115.3,150.2427,-104.17928,3.855,-463.4123568816
"1155",115.4,150.2427,-104.458541666667,3.855,-464.6545742125
"1156",115.5,150.2427,-105.361448979592,3.85467346938775,-468.67090458
"1157",115.6,150.2427,-101.292708333333,3.85566666666667,-450.5722510625
"1158",115.7,150.2427,-100.186875,3.85425,-445.6532611125
"1159",115.8,150.2427,-100.168875,3.855,-445.5731931525
"1160",115.9,150.2427,-101.206510204082,3.8544693877551,-450.18882282
"1161",116,150.2427,-102.180875,3.85545833333333,-454.5230117925
"1162",116.1,150.2427,-102.472306122449,3.86110204081633,-455.81936154
"1163",116.2,150.2427,-103.008428571429,3.85642857142857,-458.20415214
"1164",116.3,150.2427,-103.955291666667,3.855,-462.4160074975
"1165",116.4,150.2427,-104.657458333333,3.855,-465.5393993075
"1166",116.5,150.2427,-105.469625,3.8563125,-469.1520953175
"1167",116.6,150.2427,-105.4589375,3.85372916666667,-469.10455496625
"1168",116.7,150.2427,-104.934755102041,3.85516326530612,-466.77287634
"1169",116.8,150.2427,-107.274854166667,3.855,-477.182151801251
"1170",116.9,150.2427,-107.807612244898,3.85495918367347,-479.55197694
"1171",117,150.2427,-108.123185185185,3.85890740740741,-480.955714804445
"1172",117.1,150.2427,-108.715833333333,3.85591666666667,-483.59194415
"1173",117.2,150.2427,-109.182625,3.854125,-485.6683361775
"1174",117.3,150.2427,-109.65912244898,3.85420408163265,-487.78790166
"1175",117.4,150.2427,-109.604830188679,3.85454716981132,-487.546397741887
"1176",117.5,150.2427,-108.668583333334,3.86166666666667,-483.381765755002
"1177",117.6,150.2427,-105.438571428571,3.85357142857143,-469.0139622
"1178",117.7,150.2427,-104.9551875,3.855,-466.86376414125
"1179",117.8,150.2427,-107.351794520548,3.855,-477.524399422192
"1180",117.9,150.2427,-107.788836734694,3.855,-479.46845934
"1181",118,150.2427,-108.163,3.85775,-481.13281986
"1182",118.1,150.2427,-108.687666666667,3.856,-483.46665262
"1183",118.2,150.2427,-109.10812244898,3.854,-485.33693244
"1184",118.3,150.2427,-109.687958333333,3.85404166666667,-487.9161700175
"1185",118.4,150.2427,-109.547921568627,3.85492156862745,-487.29325568
"1186",118.5,150.2427,-110.277755102041,3.85879591836735,-490.5397158
"1187",118.6,150.2427,-110.885541666667,3.854,-493.2432841525
"1188",118.7,150.2427,-111.444,3.855,-495.72742968
"1189",118.8,150.2427,-112.805469387755,3.855,-501.78354504
"1190",118.9,150.2427,-113.367204081633,3.8545306122449,-504.28226454
"1191",119,150.2427,-114.285,3.856,-508.3648227
"1192",119.1,150.2427,-114.85816,3.85624,-510.9143644752
"1193",119.2,150.2427,-114.908,3.855,-511.13606376
"1194",119.3,150.2427,-115.838729166667,3.85460416666667,-515.27615185375
"1195",119.4,150.2427,-116.708083333333,3.85345833333333,-519.143230445
"1196",119.5,150.2427,-112.589018181819,3.85558181818182,-500.820722456729
"1197",119.6,150.2427,-110.904735294118,3.854,-493.32866163
"1198",119.7,150.2427,-111.404666666667,3.855,-495.552466359999
"1199",119.8,150.2427,-112.805469387755,3.855,-501.78354504
"1200",119.9,150.2427,-113.369083333333,3.85454166666667,-504.290623865
"1201",120,150.2427,-114.2696,3.856,-508.296320112
"1202",120.1,150.2427,-114.806551020408,3.85651020408163,-510.68479638
"1203",120.2,150.2427,-114.908,3.855,-511.13606376
"1204",120.3,150.2427,-115.832775510204,3.85461224489796,-515.24966868
"1205",120.4,150.2427,-116.647040816327,3.85324489795918,-518.8716999
"1206",120.5,150.2427,-117.115927272727,3.856,-520.957410013091
"1207",120.6,150.2427,-117.761918367347,3.85577551020408,-523.830920520001
"1208",120.7,150.2427,-119.206041666667,3.85427083333333,-530.2546986625
"1209",120.8,150.2427,-119.623,3.85433333333333,-532.10942106
"1210",120.9,150.2427,-120.528,3.855,-536.13506016
"1211",121,150.2427,-122.553,3.85544444444444,-545.14270566
"1212",121.1,150.2427,-122.863918367347,3.85220408163265,-546.52573896
"1213",121.2,150.2427,-122.940918367347,3.855,-546.8682519
"1214",121.3,150.2427,-122.951416666667,3.855875,-546.914950645001
"1215",121.4,150.2427,-125.167408163265,3.85416326530612,-556.77216834
"1216",121.5,150.2427,-119.887083333334,3.85491666666667,-533.284121825003
"1217",121.6,150.2427,-117.95975,3.85554166666667,-524.710919145
"1218",121.7,150.2427,-119.291458333333,3.85447916666667,-530.6346507875
"1219",121.8,150.2427,-119.643244897959,3.85455102040816,-532.19947482
"1220",121.9,150.2427,-121.021333333333,3.855,-538.32951536
"1221",122,150.2427,-122.74387755102,3.85634693877551,-545.991771
"1222",122.1,150.2427,-122.9,3.85266666666667,-546.686238
"1223",122.2,150.2427,-122.900755102041,3.855,-546.68959686
"1224",122.3,150.2427,-123.625375,3.8574375,-549.9128655825
"1225",122.4,150.2427,-125.2085625,3.8556875,-556.95523188375
"1226",122.5,150.2427,-125.291,3.855,-557.32193202
"1227",122.6,150.2427,-125.616,3.855,-558.76760352
"1228",122.7,150.2427,-126.529916666667,3.855,-562.832905915
"1229",122.8,150.2427,-127.282166666667,3.85566666666667,-566.17907941
"1230",122.9,150.2427,-128.11593877551,3.85551020408163,-569.88788118
"1231",123,150.2427,-129.353905660377,3.85352830188679,-575.394630236604
"1232",123.1,150.2427,-130.534166666667,3.855,-580.644690850001
"1233",123.2,150.2427,-131.97893877551,3.85475510204082,-587.07135504
"1234",123.3,150.2427,-132.395166666667,3.85370833333333,-588.92282827
"1235",123.4,150.2427,-129.974413793104,3.85679310344828,-578.154786922759
"1236",123.5,150.2427,-125.251142857143,3.85412244897959,-557.14463868
"1237",123.6,150.2427,-125.639816326531,3.855,-558.87354378
"1238",123.7,150.2427,-126.535875,3.855,-562.8594098925
"1239",123.8,150.2427,-127.305208333333,3.85583333333333,-566.2815738125
"1240",123.9,150.2427,-127.888666666666,3.85508333333333,-568.876924839999
"1241",124,150.2427,-129.197,3.853,-574.69667934
"1242",124.1,150.2427,-130.432204081633,3.855,-580.19113884
"1243",124.2,150.2427,-131.9305,3.854875,-586.85588871
"1244",124.3,150.2427,-132.256166666667,3.85395833333333,-588.30452569
"1245",124.4,150.2427,-133.574041666667,3.85520833333333,-594.1667236225
"1246",124.5,150.2427,-133.2986875,3.8531875,-592.94188771125
"1247",124.6,150.2427,-131.911265306123,3.85426530612245,-586.77032856
"1248",124.7,150.2427,-133.45125,3.855,-593.620519275
"1249",124.8,150.2427,-134.3444375,3.85539583333333,-597.59361377625
"1250",124.9,150.2427,-135.091229166667,3.85352083333333,-600.91550740375
"1251",125,150.2427,-136.358125,3.8545625,-606.5509387875
"1252",125.1,150.2427,-137.205204081633,3.85438775510204,-610.3189329
"1253",125.2,150.2427,-138.3338125,3.855,-615.33923143875
"1254",125.3,150.2427,-138.340291666667,3.86216666666667,-615.3680521975
"1255",125.4,150.2427,-133.919270833334,3.85670833333333,-595.702378906251
"1256",125.5,150.2427,-132.485857142857,3.85371428571429,-589.326239460001
"1257",125.6,150.2427,-132.350872727273,3.85467272727273,-588.725799082909
"1258",125.7,150.2427,-133.7125,3.855,-594.78261675
"1259",125.8,150.2427,-134.473875,3.85579166666667,-598.1693802525
"1260",125.9,150.2427,-135.081958333333,3.85354166666667,-600.8742686975
"1261",126,150.2427,-136.341416666667,3.85454166666667,-606.476616445
"1262",126.1,150.2427,-137.205204081633,3.85438775510204,-610.3189329
"1263",126.2,150.2427,-138.325,3.855,-615.3000315
"1264",126.3,150.2427,-138.8145,3.86125,-617.47743519
"1265",126.4,150.2427,-139.274265306122,3.85563265306122,-619.52257242
"1266",126.5,150.2427,-139.574520833333,3.85489583333333,-620.85817506125
"1267",126.6,150.2427,-139.890346938776,3.855,-622.26303906
"1268",126.7,150.2427,-139.616,3.85491666666667,-621.04268352
"1269",126.8,150.2427,-139.700125,3.85816666666667,-621.4168900275
"1270",126.9,150.2427,-139.5965,3.855,-620.95594323
"1271",127,150.2427,-142.305145833333,3.855,-633.00459579875
"1272",127.1,150.2427,-142.410714285714,3.855,-633.4741875
"1273",127.2,150.2427,-142.411083333333,3.8539375,-633.475829105
"1274",127.3,150.2427,-140.155857142857,3.85328571428571,-623.444086859999
"1275",127.4,150.2427,-139.387551020408,3.8554693877551,-620.0264922
"1276",127.5,150.2427,-139.705326530612,3.855,-621.44002758
"1277",127.6,150.2427,-139.859875,3.855,-622.1274931725
"1278",127.7,150.2427,-139.6295,3.85454166666667,-621.10273449
"1279",127.8,150.2427,-139.653285714286,3.85671428571428,-621.20853858
"1280",127.9,150.2427,-139.862,3.855,-622.13694564
"1281",128,150.2427,-142.315083333333,3.855,-633.048799985
"1282",128.1,150.2427,-142.3436,3.855,-633.175648392
"1283",128.2,150.2427,-142.443583333333,3.8535625,-633.620396255001
"1284",128.3,150.2427,-142.7868125,3.8526875,-635.14715509875
"1285",128.4,150.2427,-143.0351,3.85462,-636.251592522
"1286",128.5,150.2427,-143.523192982456,3.855,-638.422737488421
"1287",128.6,150.2427,-144.2480625,3.855,-641.64711657375
"1288",128.7,150.2427,-144.967693877551,3.86069387755102,-644.84819526
"1289",128.8,150.2427,-146.328791666667,3.85595833333333,-650.9026576675
"1290",128.9,150.2427,-147.943142857143,3.85418367346939,-658.08364692
"1291",129,150.2427,-148.751578947368,3.855,-661.679748505263
"1292",129.1,150.2427,-149.3748,3.855,-664.451972856
"1293",129.2,150.2427,-149.099416666666,3.85425,-663.227007204998
"1294",129.3,150.2427,-143.601653061224,3.85583673469388,-638.77174518
"1295",129.4,150.2427,-143.054081632653,3.85467346938776,-636.336027
"1296",129.5,150.2427,-143.579729166667,3.855,-638.67422287375
"1297",129.6,150.2427,-144.3231,3.855,-641.980899881999
"1298",129.7,150.2427,-145.0058125,3.8611875,-645.017755278751
"1299",129.8,150.2427,-146.48387755102,3.85548979591837,-651.5925138
"1300",129.9,150.2427,-147.994571428571,3.85459183673469,-658.31241252
"1301",130,150.2427,-148.7804375,3.855,-661.80811769625
"1302",130.1,150.2427,-149.414,3.855,-664.62634308
"1303",130.2,150.2427,-149.210020833333,3.85495833333333,-663.71899887125
"1304",130.3,150.2427,-148.03406,3.86042,-658.488066373201
"1305",130.4,150.2427,-149.649326530612,3.85536734693878,-665.67312726
"1306",130.5,150.2427,-150.25506122449,3.855,-668.36756844
"1307",130.6,150.2427,-151.438693877551,3.85434693877551,-673.632626879999
"1308",130.7,150.2427,-152.525072727273,3.85543636363636,-678.465079006909
"1309",130.8,150.2427,-152.730653061224,3.85463265306122,-679.37954556
"1310",130.9,150.2427,-153.813,3.8545,-684.19406286
"1311",131,150.2427,-154.194470588235,3.855,-685.89092796
"1312",131.1,150.2427,-154.535510204081,3.855,-687.407947199999
"1313",131.2,150.2427,-155.047,3.85336,-689.68316634
"1314",131.3,150.2427,-151.004125,3.8565,-671.6995689075
"1315",131.4,150.2427,-149.46804,3.85556,-664.8667248888
"1316",131.5,150.2427,-150.2765,3.855,-668.46293283
"1317",131.6,150.2427,-151.404666666667,3.85441666666667,-673.48126636
"1318",131.7,150.2427,-152.526,3.855375,-678.46920372
"1319",131.8,150.2427,-152.72606122449,3.85465306122449,-679.35912006
"1320",131.9,150.2427,-153.919666666667,3.85470833333333,-684.668539659999
"1321",132,150.2427,-154.1789375,3.855,-685.82183336625
"1322",132.1,150.2427,-154.814708333333,3.855,-688.6498819025
"1323",132.2,150.2427,-155.0006875,3.852125,-689.47715815125
"1324",132.3,150.2427,-155.389306122449,3.8530612244898,-691.20581928
"1325",132.4,150.2427,-154.9916875,3.855,-689.43712417125
"1326",132.5,150.2427,-156.174571428572,3.85414285714286,-694.698852120001
"1327",132.6,150.2427,-158.325083333333,3.85358333333333,-704.264802185
"1328",132.7,150.2427,-158.62420754717,3.8522641509434,-705.595372495473
"1329",132.8,150.2427,-158.87787755102,3.85426530612245,-706.72375248
"1330",132.9,150.2427,-158.982875,3.855,-707.1908042325
"1331",133,150.2427,-159.382545454545,3.85486363636364,-708.968626341817
"1332",133.1,150.2427,-159.879571428571,3.854,-711.17950722
"1333",133.2,150.2427,-159.943346938776,3.85614285714286,-711.463194720001
"1334",133.3,150.2427,-155.829854166666,3.8536875,-693.165473901249
"1335",133.4,150.2427,-155.0405,3.855,-689.65425291
"1336",133.5,150.2427,-155.83375,3.85408333333333,-693.182803424998
"1337",133.6,150.2427,-158.31544,3.85404,-704.2219065168
"1338",133.7,150.2427,-158.34362,3.852,-704.3472573564
"1339",133.8,150.2427,-158.883428571429,3.85361224489796,-706.74844464
"1340",133.9,150.2427,-159.172489795918,3.855,-708.03425256
"1341",134,150.2427,-159.461040816327,3.855,-709.317790980001
"1342",134.1,150.2427,-159.90725,3.854,-711.302627595
"1343",134.2,150.2427,-160.310142857143,3.85622448979592,-713.094783660001
"1344",134.3,150.2427,-160.011375,3.855,-711.7657985025
"1345",134.4,150.2427,-159.062591836735,3.855,-707.545402260002
"1346",134.5,150.2427,-161.683,3.855,-719.20155426
"1347",134.6,150.2427,-162.0649375,3.85475,-720.900496286249
"1348",134.7,150.2427,-161.749224489796,3.85487755102041,-719.49613536
"1349",134.8,150.2427,-163.438666666666,3.855,-727.011145839999
"1350",134.9,150.2427,-162.12,3.855,-721.1454264
"1351",135,150.2427,-163.730510204082,3.855,-728.3093301
"1352",135.1,150.2427,-162.240387755102,3.85326530612245,-721.68093762
"1353",135.2,150.2427,-161.620346938775,3.85722448979592,-718.922859659999
"1354",135.3,150.2427,-160.267040816327,3.855,-712.903056300001
"1355",135.4,150.2427,-160.1025625,3.855,-712.17142056375
"1356",135.5,150.2427,-161.4743125,3.855,-718.273266348751
"1357",135.6,150.2427,-162.4635,3.853,-722.67338997
"1358",135.7,150.2427,-161.573166666667,3.85441666666667,-718.712991429999
"1359",135.8,150.2427,-162.953244897959,3.855,-724.851883019999
"1360",135.9,150.2427,-162.362,3.855,-722.22189564
"1361",136,150.2427,-163.41225,3.855,-726.893638695
"1362",136.1,150.2427,-162.0755,3.85083333333333,-720.94748061
"1363",136.2,150.2427,-163.317541666667,3.8556875,-726.4723551925
"1364",136.3,150.2427,-162.650530612246,3.855,-723.505343280003
"1365",136.4,150.2427,-165.924,3.855,-738.06645528
"1366",136.5,150.2427,-164.4235,3.8576875,-731.391901170001
"1367",136.6,150.2427,-165.444285714284,3.85528571428572,-735.932580599993
"1368",136.7,150.2427,-167.715791666666,3.85341666666667,-746.036738807499
"1369",136.8,150.2427,-166.207714285714,3.855,-739.32847884
"1370",136.9,150.2427,-170.795204081633,3.85467346938776,-759.7346427
"1371",137,150.2427,-169.378818181818,3.85272727272727,-753.434246612727
"1372",137.1,150.2427,-166.699714285715,3.85375510204082,-741.517003080003
"1373",137.2,150.2427,-163.170122448979,3.85589795918367,-725.816602079999
"1374",137.3,150.2427,-162.258895833334,3.855,-721.763265623751
"1375",137.4,150.2427,-165.7065,3.855,-737.098967430001
"1376",137.5,150.2427,-164.231,3.85654166666667,-730.535618820001
"1377",137.6,150.2427,-166.260408163265,3.85426530612245,-739.562872799998
"1378",137.7,150.2427,-167.557326530612,3.85381632653061,-745.33185102
"1379",137.8,150.2427,-166.120541666666,3.855,-738.940715852499
"1380",137.9,150.2427,-170.734306122449,3.85451020408163,-759.46375518
"1381",138,150.2427,-169.1755,3.85245833333333,-752.529842610001
"1382",138.1,150.2427,-169.757145833333,3.85520833333333,-755.117131238749
"1383",138.2,150.2427,-173.008040816326,3.85534693877551,-769.577827319999
"1384",138.3,150.2427,-170.910673469388,3.855,-760.248275939999
"1385",138.4,150.2427,-174.231958333334,3.85422916666667,-775.022081697502
"1386",138.5,150.2427,-173.631877551021,3.855,-772.352790360001
"1387",138.6,150.2427,-171.926583333334,3.85316666666667,-764.767266515001
"1388",138.7,150.2427,-177.826673469389,3.85497959183673,-791.012165460007
"1389",138.8,150.2427,-175.775275862069,3.85413793103448,-781.887097595171
"1390",138.9,150.2427,-172.996653061226,3.85604081632653,-769.527172080005
"1391",139,150.2427,-178.764,3.854,-795.18160008
"1392",139.1,150.2427,-170.83857142857,3.856,-759.927550199994
"1393",139.2,150.2427,-172.541306122449,3.855,-767.501688719999
"1394",139.3,150.2427,-170.546875,3.855,-758.6300203125
"1395",139.4,150.2427,-175.186875,3.8541875,-779.269761112501
"1396",139.5,150.2427,-173.262208333333,3.855,-770.7084203525
"1397",139.6,150.2427,-172.704020408163,3.85332653061224,-768.225477659997
"1398",139.7,150.2427,-177.402,3.855,-789.12312444
"1399",139.8,150.2427,-175.4643,3.85442,-780.503808546
"1400",139.9,150.2427,-175.166645833333,3.85447916666667,-779.179777328749
"1401",140,150.2427,-180.408291666667,3.854625,-802.495771157503
"1402",140.1,150.2427,-178.2225,3.855,-792.77288895
"1403",140.2,150.2427,-180.520755102042,3.855,-802.996033260005
"1404",140.3,150.2427,-184.31254,3.85462,-819.8627266788
"1405",140.4,150.2427,-182.090625,3.8551875,-809.9791599375
"1406",140.5,150.2427,-184.684236363636,3.85587272727273,-821.516113877454
"1407",140.6,150.2427,-186.056339622642,3.855,-827.619531036228
"1408",140.7,150.2427,-184.443265306122,3.85438775510204,-820.4442216
"1409",140.8,150.2427,-186.156777777779,3.85462962962963,-828.06630204667
"1410",140.9,150.2427,-186.88006122449,3.85395918367347,-831.28362594
"1411",141,150.2427,-181.983979591837,3.85477551020408,-809.504777699999
"1412",141.1,150.2427,-178.34016,3.855,-793.296266515201
"1413",141.2,150.2427,-179.223576271187,3.855,-797.225896441018
"1414",141.3,150.2427,-184.382959183673,3.85467346938775,-820.175966699998
"1415",141.4,150.2427,-182.2095,3.85425,-810.50794209
"1416",141.5,150.2427,-184.006346938774,3.85565306122449,-818.500712579994
"1417",141.6,150.2427,-186.103823529412,3.855,-827.8307499
"1418",141.7,150.2427,-184.464040816326,3.85436734693878,-820.536635639999
"1419",141.8,150.2427,-186.315734693878,3.85459183673469,-828.773377380003
"1420",141.9,150.2427,-186.767270833333,3.8535625,-830.78190946625
"1421",142,150.2427,-184.526416666667,3.854,-820.814097145001
"1422",142.1,150.2427,-184.679499999999,3.85241666666667,-821.495045489995
"1423",142.2,150.2427,-190.511708333333,3.85470833333333,-847.437991242499
"1424",142.3,150.2427,-188.218510204082,3.855,-837.23734146
"1425",142.4,150.2427,-187.093326530612,3.85616326530612,-832.23227694
"1426",142.5,150.2427,-195.985346938776,3.85455102040816,-871.785939960002
"1427",142.6,150.2427,-192.9585,3.855,-858.321858870002
"1428",142.7,150.2427,-190.939612244898,3.855,-849.34140198
"1429",142.8,150.2427,-194.119666666668,3.855,-863.486983660004
"1430",142.9,150.2427,-194.984,3.851,-867.331728479999
"1431",143,150.2427,-185.496714285715,3.854,-825.130194420003
"1432",143.1,150.2427,-188.13020408163,3.85355102040816,-836.844536399988
"1433",143.2,150.2427,-189.869,3.85418367346939,-844.579083179998
"1434",143.3,150.2427,-187.675142857143,3.855,-834.82032396
"1435",143.4,150.2427,-187.095530612245,3.85726530612245,-832.24208118
"1436",143.5,150.2427,-195.327333333334,3.85416666666667,-868.858950680001
"1437",143.6,150.2427,-192.444312500001,3.855,-856.034639748753
"1438",143.7,150.2427,-190.816708333333,3.855,-848.7946983425
"1439",143.8,150.2427,-197.22625,3.86566666666667,-877.305749774999
"1440",143.9,150.2427,-194.895,3.849,-866.9358369
"1441",144,150.2427,-193.074142857143,3.85404081632653,-858.836263740001
"1442",144.1,150.2427,-191.476789473684,3.855,-851.730884472632
"1443",144.2,150.2427,-197.004062500003,3.855,-876.317410893764
"1444",144.3,150.2427,-198.639897959184,3.85195918367347,-883.5939669
"1445",144.4,150.2427,-196.905836734694,3.85679591836735,-875.880481079999
"1446",144.5,150.2427,-195.490877551021,3.85224489795918,-869.58643134
"1447",144.6,150.2427,-194.438020833333,3.855,-864.90309303125
"1448",144.7,150.2427,-203.899081632653,3.855,-906.987972899998
"1449",144.8,150.2427,-201.108489795918,3.85869387755102,-894.57480648
"1450",144.9,150.2427,-197.898923076923,3.85259615384615,-880.297947609229
"1451",145,150.2427,-192.984458333333,3.85414583333333,-858.4373272475
"1452",145.1,150.2427,-191.40006122449,3.855,-851.38958034
"1453",145.2,150.2427,-197.888625,3.855,-880.252139497501
"1454",145.3,150.2427,-198.458954022989,3.8516091954023,-882.789088464138
"1455",145.4,150.2427,-197.201375,3.854375,-877.1951003025
"1456",145.5,150.2427,-195.667102040816,3.852,-870.37031664
"1457",145.6,150.2427,-194.584081632653,3.855,-865.5528036
"1458",145.7,150.2427,-202.113833333335,3.855,-899.046795710009
"1459",145.8,150.2427,-201.5825,3.85583333333333,-896.683308149998
