"","dataset_name","severity_description.x","severity_level","Conclusion","second_buy","Label","battery","battery_category","X10_60","X10_75","X10_100","X10_125","X10_150","X30_60","X30_75","X30_100","X30_125","X30_150","X40_60","X40_75","X40_100","X40_125","X40_150"
"1","1500mAh1-100S0C","No effect, local heating, internal discharge – 2",2,"TP","76.2",1,"Rec","Lab/Generic",0.518954248366013,0.490909090909091,0.425274725274725,0.348275862068966,0.301418439716312,0.611827956989247,0.547101449275362,0.444131455399061,0.383333333333333,0.326170798898072,0.595238095238095,0.537962962962963,0.455191256830601,0.403100775193798,0.328528528528528
"2","1500mAh1-20S0C","No effect, local heating, internal discharge – 2",2,"TP","73",1,"Rec","Lab/Generic",0.488888888888889,0.392929292929293,0.31978021978022,0.273850574712644,0.2548463356974,0.566666666666667,0.442753623188406,0.333802816901408,0.310416666666667,0.28099173553719,0.638095238095238,0.45,0.362295081967213,0.337209302325581,0.299099099099099
"3","1500mAh1-40S0C","No effect, local heating, internal discharge – 2",2,"FP","71",0,"Rec","Lab/Generic",0.429411764705882,0.346969696969697,0.251648351648352,0.197413793103448,0.162411347517731,0.48494623655914,0.394202898550725,0.257746478873239,0.190625,0.163085399449036,0.515873015873016,0.390740740740741,0.244808743169399,0.194573643410853,0.177477477477477
"4","1500mAh1-60S0C","No effect, local heating, internal discharge – 2",2,"TP","61.7",1,"Rec","Lab/Generic",0.647058823529412,0.566161616161616,0.472161172161172,0.391954022988506,0.335460992907801,0.662365591397849,0.553623188405797,0.448356807511737,0.382291666666667,0.32534435261708,0.63015873015873,0.512962962962963,0.416393442622951,0.37093023255814,0.324924924924925
"5","1500mAh1-80S0C","No effect, local heating, internal discharge – 2",2,"TP","78.9",1,"Rec","Lab/Generic",0.538562091503268,0.443939393939394,0.360805860805861,0.292816091954023,0.26903073286052,0.531182795698925,0.465217391304348,0.396244131455399,0.336805555555556,0.306060606060606,0.541269841269841,0.47962962962963,0.407650273224044,0.343410852713178,0.316816816816817
"6","1500mAh2-100S0C","No effect, local heating, internal discharge – 2",2,"TP","53.2",1,"Rec","Lab/Generic",0.622222222222222,0.541919191919192,0.431135531135531,0.372701149425287,0.333569739952719,0.661290322580645,0.548550724637681,0.474647887323944,0.407291666666667,0.353168044077135,0.7,0.599074074074074,0.513114754098361,0.426744186046512,0.35975975975976
"7","1500mAh2-20S0C","No effect, local heating, internal discharge – 2",2,"TP","61.9",1,"Rec","Lab/Generic",0.495424836601307,0.414646464646465,0.300732600732601,0.23735632183908,0.21725768321513,0.572043010752688,0.503623188405797,0.326291079812207,0.273263888888889,0.253168044077135,0.626984126984127,0.516666666666667,0.360655737704918,0.305038759689922,0.275975975975976
"8","1500mAh2-40S0C","No effect, local heating, internal discharge – 2",2,"TP","85.5",1,"Rec","Lab/Generic",0.62156862745098,0.574747474747475,0.475457875457875,0.401149425287356,0.330023640661939,0.634408602150538,0.554347826086957,0.470422535211268,0.389236111111111,0.329476584022038,0.623809523809524,0.537962962962963,0.458469945355191,0.411627906976744,0.359159159159159
"9","1500mAh2-60S0C","No effect, local heating, internal discharge – 2",2,"TP","75.9",1,"Rec","Lab/Generic",0.372549019607843,0.38989898989899,0.37985347985348,0.361206896551724,0.336406619385343,0.404301075268817,0.385507246376811,0.374178403755869,0.353125,0.325895316804408,0.850793650793651,0.662962962962963,0.391256830601093,0.360852713178294,0.328528528528529
"10","1500mAh2-80S0C","No effect, local heating, internal discharge – 2",2,"TP","75.5",1,"Rec","Lab/Generic",0.47843137254902,0.416161616161616,0.337728937728938,0.286206896551724,0.245862884160756,0.648387096774194,0.527536231884058,0.397183098591549,0.317361111111111,0.266391184573003,0.631746031746032,0.547222222222222,0.396174863387978,0.300387596899225,0.252552552552553
"11","1500mAh3-100S0C","No effect, local heating, internal discharge – 2",2,"TP","72.8",1,"Rec","Lab/Generic",0.605228758169934,0.536363636363636,0.442124542124542,0.387931034482759,0.331678486997636,0.674193548387097,0.58695652173913,0.47981220657277,0.418055555555556,0.34573002754821,0.66031746031746,0.557407407407407,0.460109289617486,0.398449612403101,0.316216216216216
"12","1500mAh3-20S0C","No effect, local heating, internal discharge – 2",2,"TP","64.7",1,"Rec","Lab/Generic",0.583006535947712,0.518181818181818,0.446520146520146,0.413793103448276,0.380378250591016,0.655913978494624,0.582608695652174,0.485915492957746,0.443402777777778,0.398898071625344,0.661904761904762,0.548148148148148,0.470491803278689,0.422093023255814,0.375075075075075
"13","1500mAh3-40S0C","No effect, local heating, internal discharge – 2",2,"TP","69.4",1,"Rec","Lab/Generic",0.465359477124183,0.456565656565657,0.398534798534798,0.36551724137931,0.339243498817967,0.580645161290323,0.557246376811594,0.455868544600939,0.403819444444444,0.3633608815427,0.598412698412698,0.568518518518519,0.439344262295082,0.38953488372093,0.350750750750751
"14","1500mAh3-60S0C","No effect, local heating, internal discharge – 2",2,"TP","67",1,"Rec","Lab/Generic",0.488235294117647,0.46010101010101,0.342124542124542,0.283908045977011,0.233569739952719,0.494623655913978,0.452173913043478,0.308450704225352,0.280208333333333,0.266666666666667,0.514285714285714,0.432407407407407,0.332786885245902,0.312790697674419,0.290690690690691
"15","1500mAh3-80S0C","No effect, local heating, internal discharge – 2",2,"TP","76.9",1,"Rec","Lab/Generic",0.560130718954248,0.494949494949495,0.417582417582418,0.361494252873563,0.314657210401891,0.672043010752688,0.580434782608696,0.476995305164319,0.392013888888889,0.339669421487603,0.647619047619047,0.541666666666667,0.438251366120219,0.370542635658915,0.346546546546547
"16","2000mAh1-100S0C","Moderate effect, extended joule heating, local reactions (no spread) – 3",3,"TP","44.4",1,"Rec","Lab/Generic",0.482352941176471,0.439393939393939,0.380952380952381,0.331896551724138,0.3,0.561290322580645,0.491304347826087,0.436619718309859,0.367013888888889,0.315702479338843,0.580952380952381,0.487962962962963,0.431693989071038,0.366666666666667,0.315615615615616
"17","2000mAh1-20S0C","No effect, local heating, internal discharge – 2",2,"TP","70",1,"Rec","Lab/Generic",0.519607843137255,0.46969696969697,0.441025641025641,0.380172413793103,0.35177304964539,0.612903225806452,0.52463768115942,0.468075117370892,0.389583333333333,0.348760330578512,0.536507936507936,0.446296296296296,0.418032786885246,0.350387596899225,0.315315315315315
"18","2000mAh1-40S0C","No effect, local heating, internal discharge – 2",2,"TP","62.2",1,"Rec","Lab/Generic",0.463398692810457,0.43030303030303,0.375091575091575,0.31264367816092,0.284633569739953,0.626881720430107,0.523913043478261,0.455868544600939,0.370486111111111,0.325619834710744,0.612698412698413,0.518518518518518,0.441530054644809,0.375968992248062,0.344744744744745
"19","2000mAh1-60S0C","Moderate effect, extended joule heating, local reactions (no spread) – 3",3,"TP","55.3",1,"Rec","Lab/Generic",0.471241830065359,0.448484848484848,0.356043956043956,0.295977011494253,0.26241134751773,0.582795698924731,0.509420289855072,0.369483568075117,0.322569444444444,0.288980716253444,0.579365079365079,0.50462962962963,0.416393442622951,0.353875968992248,0.31021021021021
"20","2000mAh1-80S0C","Moderate effect, extended joule heating, local reactions (no spread) – 3",3,"TP","65.8",1,"Rec","Lab/Generic",0.603921568627451,0.562626262626263,0.479120879120879,0.397126436781609,0.346572104018913,0.621505376344086,0.556521739130435,0.451643192488263,0.384027777777778,0.346831955922865,0.584126984126984,0.536111111111111,0.44535519125683,0.393798449612403,0.352552552552552
"21","2000mAh2-100S0C","Moderate effect, extended joule heating, local reactions (no spread) – 3",3,"TP","43.9",1,"Rec","Lab/Generic",0.444444444444444,0.397474747474748,0.354578754578754,0.311206896551724,0.268794326241135,0.640860215053763,0.515217391304348,0.418779342723005,0.354166666666667,0.298347107438017,0.634920634920635,0.5,0.412568306010929,0.352325581395349,0.291891891891892
"22","2000mAh2-20S0C","No effect, local heating, internal discharge – 2",2,"TP","45.8",1,"Rec","Lab/Generic",0.577777777777778,0.51010101010101,0.43003663003663,0.383620689655172,0.331205673758865,0.58494623655914,0.542753623188406,0.449295774647887,0.400347222222222,0.351239669421488,0.663492063492063,0.576851851851852,0.454098360655738,0.398062015503876,0.345645645645646
"23","2000mAh2-40S0C","No effect, local heating, internal discharge – 2",2,"TP","44.9",1,"Rec","Lab/Generic",0.503267973856209,0.473737373737374,0.411721611721612,0.343965517241379,0.282978723404255,0.618279569892473,0.550724637681159,0.462441314553991,0.366319444444444,0.290633608815427,0.596825396825397,0.539814814814815,0.45792349726776,0.362403100775194,0.280780780780781
"24","2000mAh2-60S0C","Moderate effect, extended joule heating, local reactions (no spread) – 3",3,"TP","33.9",1,"Rec","Lab/Generic",0.483006535947712,0.478282828282828,0.458608058608059,0.405459770114942,0.368794326241135,0.582795698924731,0.522463768115942,0.469014084507042,0.420138888888889,0.379063360881543,0.62063492063492,0.562037037037037,0.483060109289618,0.422093023255814,0.37957957957958
"25","2000mAh2-80S0C","Moderate effect, extended joule heating, local reactions (no spread) – 3",3,"TP","35",1,"Rec","Lab/Generic",0.58235294117647,0.545454545454545,0.476556776556776,0.411781609195402,0.37210401891253,0.661290322580645,0.594202898550725,0.525352112676056,0.447569444444445,0.395592286501377,0.668253968253968,0.59537037037037,0.514754098360656,0.431007751937985,0.376276276276276
"26","500mAh1-100S0C","No effect, local heating, internal discharge – 2",2,"TP","92.5",1,"Rec","Lab/Generic",0.593464052287582,0.544444444444445,0.478388278388278,0.421264367816092,0.38628841607565,0.648387096774194,0.593478260869565,0.512676056338028,0.447222222222222,0.409641873278237,0.647619047619047,0.577777777777778,0.49016393442623,0.423643410852713,0.387987987987988
"27","500mAh1-20S0C","No effect, local heating, internal discharge – 2",2,"FP","-9999",2,"Rec","Lab/Generic",0.410457516339869,0.360606060606061,0.296703296703297,0.260057471264368,0.238770685579196,0.433333333333334,0.310144927536232,0.287323943661972,0.276388888888889,0.257575757575758,0.379365079365079,0.25462962962963,0.259562841530055,0.255426356589147,0.23963963963964
"28","500mAh1-40S0C","No effect, local heating, internal discharge – 2",2,NA,"69.1",2,"Rec","Lab/Generic",0.422875816993464,0.413131313131313,0.318681318681319,0.25,0.205910165484634,0.474193548387097,0.42536231884058,0.3,0.221875,0.193112947658402,0.414285714285714,0.362037037037037,0.24207650273224,0.210077519379845,0.196696696696697
"29","500mAh1-60S0C","No effect, local heating, internal discharge – 2",2,"TP","82.8",1,"Rec","Lab/Generic",0.47516339869281,0.422727272727273,0.37985347985348,0.34683908045977,0.316784869976359,0.509677419354839,0.46304347826087,0.410328638497653,0.375347222222222,0.345730027548209,0.625396825396825,0.535185185185185,0.446994535519126,0.397286821705426,0.36006006006006
"30","500mAh1-80S0C","No effect, local heating, internal discharge – 2",2,"TP","93.5",1,"Rec","Lab/Generic",0.531372549019608,0.464646464646465,0.39010989010989,0.362068965517241,0.324822695035461,0.586021505376344,0.521014492753623,0.455868544600939,0.414930555555556,0.364187327823691,0.598412698412698,0.538888888888889,0.455737704918033,0.410077519379845,0.355855855855856
"31","500mAh2-100S0C","No effect, local heating, internal discharge – 2",2,"TP","103.2",1,"Rec","Lab/Generic",0.513071895424837,0.483838383838384,0.416117216117216,0.359770114942529,0.321985815602837,0.625806451612903,0.551449275362319,0.453051643192488,0.380555555555556,0.334986225895317,0.546031746031746,0.492592592592593,0.408196721311475,0.35891472868217,0.315915915915916
"32","500mAh2-20S0C","No effect, local heating, internal discharge – 2",2,"TP","89.8",1,"Rec","Lab/Generic",0.683006535947712,0.592929292929293,0.488278388278388,0.383045977011494,0.315130023640662,0.694623655913978,0.561594202898551,0.448356807511737,0.356944444444444,0.288429752066116,0.668253968253968,0.536111111111111,0.421311475409836,0.365503875968992,0.314414414414414
"33","500mAh2-40S0C","No effect, local heating, internal discharge – 2",2,"TP","97",1,"Rec","Lab/Generic",0.66797385620915,0.589393939393939,0.493772893772894,0.422988505747126,0.366666666666667,0.645161290322581,0.541304347826087,0.456807511737089,0.402083333333333,0.379063360881543,0.587301587301587,0.505555555555556,0.456830601092896,0.386821705426357,0.365165165165165
"34","500mAh2-60S0C","No effect, local heating, internal discharge – 2",2,"TP","105.8",1,"Rec","Lab/Generic",0.274509803921569,0.292929292929293,0.317948717948718,0.283908045977011,0.263829787234043,0.353763440860215,0.32536231884058,0.333333333333333,0.298958333333333,0.272451790633609,0.417460317460317,0.366666666666667,0.360109289617486,0.325968992248062,0.290990990990991
"35","500mAh2-80S0C","No effect, local heating, internal discharge – 2",2,"TP","113.4",1,"Rec","Lab/Generic",0.494117647058823,0.381818181818182,0.290842490842491,0.285057471264368,0.273522458628842,0.520430107526882,0.381884057971014,0.343661971830986,0.322222222222222,0.302203856749311,0.501587301587301,0.359259259259259,0.328415300546448,0.317829457364341,0.294894894894895
"36","500mAh3-100S0C","No effect, local heating, internal discharge – 2",2,"TP","124",1,"Rec","Lab/Generic",0.523529411764706,0.468181818181818,0.396336996336996,0.335632183908046,0.325295508274232,0.62258064516129,0.523188405797101,0.43849765258216,0.376041666666667,0.35564738292011,0.59047619047619,0.528703703703704,0.427868852459016,0.361240310077519,0.342342342342342
"37","500mAh3-20S0C","No effect, local heating, internal discharge – 2",2,"FP","101",0,"Rec","Lab/Generic",0.634640522875817,0.585858585858586,0.515384615384615,0.467816091954023,0.41725768321513,0.647311827956989,0.589855072463768,0.501408450704225,0.445138888888889,0.39228650137741,0.688888888888889,0.568518518518519,0.477049180327869,0.424031007751938,0.36966966966967
"38","500mAh3-40S0C","No effect, local heating, internal discharge – 2",2,"TP","115.4",1,"Rec","Lab/Generic",0.568627450980392,0.525757575757576,0.451648351648352,0.397126436781609,0.345862884160757,0.624731182795699,0.576086956521739,0.508920187793427,0.446180555555556,0.377685950413223,0.649206349206349,0.593518518518519,0.508196721311476,0.438372093023256,0.365465465465465
"39","500mAh3-60S0C","No effect, local heating, internal discharge – 2",2,"FP","103.5",0,"Rec","Lab/Generic",0.594117647058823,0.496464646464646,0.43040293040293,0.33764367816092,0.310874704491726,0.639784946236559,0.523188405797101,0.444600938967136,0.357986111111111,0.313774104683196,0.603174603174603,0.521296296296296,0.42568306010929,0.352325581395349,0.296096096096096
"40","500mAh3-80S0C","No effect, local heating, internal discharge – 2",2,"TP","119.3",1,"Rec","Lab/Generic",0.588888888888889,0.520707070707071,0.43003663003663,0.373275862068966,0.330496453900709,0.640860215053763,0.556521739130435,0.45868544600939,0.386805555555556,0.344077134986226,0.626984126984127,0.552777777777778,0.440437158469945,0.387209302325581,0.345045045045045
"41","LCO-LP-6400mAh-100SOC-cell1","Physical effect, rupture of pouch, smoke, gas release, fire – 7",7,"TP","24.8",1,"LCO","Lab/Custom",0.405228758169935,0.376262626262626,0.284981684981685,0.25,0.224822695035461,0.560215053763441,0.449275362318841,0.332394366197183,0.292013888888889,0.259779614325069,0.568253968253968,0.444444444444444,0.37103825136612,0.313953488372093,0.273873873873874
"42","LCO-LP-6400mAh-100SOC-cell2","Physical effect, rupture of pouch, smoke, gas release, fire – 7",7,"TP","21.3",1,"LCO","Lab/Custom",0.283660130718954,0.219191919191919,0.158974358974359,0.124712643678161,0.102600472813239,0.244086021505376,0.167391304347826,0.122065727699531,0.116319444444444,0.102479338842975,0.287301587301587,0.198148148148148,0.14207650273224,0.12984496124031,0.111711711711712
"43","LCO-LP-6400mAh-80SOC-Cell3","Physical effect, rupture of pouch, smoke, gas release, fire – 7",7,"TP","31.8",1,"LCO","Lab/Custom",0.412418300653595,0.409595959595959,0.364835164835165,0.333620689655172,0.306146572104019,0.555913978494624,0.510144927536232,0.429577464788732,0.394444444444444,0.35564738292011,0.571428571428571,0.512962962962963,0.480874316939891,0.426744186046512,0.377177177177177
"44","LCO-LP6400mAh-80SOC-cell4","Physical effect, rupture of pouch, smoke, gas release, fire – 7",7,"TP","75.5",1,"LCO","Lab/Custom",0.548366013071895,0.498484848484849,0.448351648351648,0.391954022988506,0.340425531914893,0.61505376344086,0.554347826086957,0.48075117370892,0.404861111111111,0.343250688705234,0.625396825396825,0.544444444444445,0.459562841530055,0.383333333333333,0.332732732732733
"45","LFP10Ah-60SOC-Cell17","Moderate effect, extended joule heating, local reactions (no spread) – 3",3,"FP","130.9",0,"LCFP","Commercial (LFP)",0.541830065359477,0.505050505050505,0.437728937728938,0.378735632183908,0.317730496453901,0.680645161290322,0.579710144927536,0.467136150234742,0.388194444444444,0.315151515151515,0.644444444444444,0.528703703703704,0.473224043715847,0.375193798449612,0.321921921921922
"46","OE-10AHr-NMC-40SOC-Cell4","Moderate effect, extended joule heating, local reactions (no spread) – 3",3,"TP","186.7",1,"NMC","Commercial (NMC)",0.541176470588235,0.497979797979798,0.446886446886447,0.382758620689655,0.337115839243499,0.63010752688172,0.547101449275362,0.46056338028169,0.397916666666667,0.357851239669421,0.719047619047619,0.585185185185185,0.483060109289618,0.423255813953488,0.373873873873874
"47","OE-10Ahr-NMC-0SOC-cell1","Moderate effect, extended joule heating, local reactions (limited spread) – 4",4,NA,"129.1",2,"NMC","Commercial (NMC)",0.517647058823529,0.432828282828283,0.364102564102564,0.314080459770115,0.295035460992908,0.51505376344086,0.460869565217391,0.377934272300469,0.333680555555555,0.308539944903581,0.523809523809524,0.473148148148148,0.376502732240437,0.346511627906977,0.315615615615616
"48","OE-10Ahr-NMC-0SOC-cell2","Moderate effect, extended joule heating, local reactions (no spread) – 3",3,NA,"177.6",2,"NMC","Commercial (NMC)",0.62156862745098,0.559090909090909,0.436996336996337,0.351149425287356,0.300472813238771,0.667741935483871,0.578985507246377,0.430516431924883,0.347222222222222,0.295592286501377,0.603174603174603,0.521296296296296,0.392896174863388,0.338372093023256,0.295795795795796
"49","OE-10Ahr-NMC-100SOC-cell10","Physical effect, rupture of pouch, smoke, gas release, fire – 7",7,NA,"164.1",2,"NMC","Commercial (NMC)",0.258169934640523,0.269191919191919,0.226739926739927,0.177873563218391,0.146335697399527,0.401075268817204,0.280434782608696,0.222065727699531,0.164236111111111,0.149862258953168,0.384126984126984,0.271296296296296,0.190163934426229,0.134883720930233,0.163363363363363
"50","OE-10Ahr-NMC-100SOC-cell11","Physical effect, rupture of pouch, smoke, gas release, fire – 7",7,"TP","184.4",1,"NMC","Commercial (NMC)",0.179738562091503,0.138888888888889,0.100732600732601,0.100732600732601,0.100732600732601,0.145161290322581,0.0978260869565218,0.0633802816901408,0.0770833333333333,0.0702479338842975,0.0952380952380952,0.0657407407407407,0.0710382513661202,0.086046511627907,0.0765765765765766
"51","OE-10Ahr-NMC-40SOC-cell1","Moderate effect, extended joule heating, local reactions (limited spread) – 4",4,"TP","172.9",1,"NMC","Commercial (NMC)",0.51437908496732,0.425252525252525,0.345054945054945,0.297988505747126,0.273758865248227,0.540860215053763,0.45072463768116,0.349295774647887,0.318055555555555,0.298898071625344,0.614285714285714,0.468518518518519,0.352459016393443,0.325581395348837,0.317117117117117
"52","OE-10Ahr-NMC-70SOC-cell6","Physical effect, rupture of pouch, smoke, gas release, fire – 7",7,"TP","168.4",1,"NMC","Commercial (NMC)",0.464705882352941,0.411616161616162,0.31978021978022,0.250862068965517,0.206382978723404,0.493548387096774,0.402173913043478,0.287793427230047,0.212847222222222,0.168870523415978,0.547619047619048,0.434259259259259,0.271584699453552,0.192635658914729,0.149249249249249
"53","OE-10Ahr-NMC-70SOC-cell7","Physical effect, rupture of pouch, smoke, gas release, fire – 7",7,"TP","168.3",1,"NMC","Commercial (NMC)",0.148148148148148,0.145959595959596,0.105860805860806,0.0830459770114943,0.083028083028083,0.174193548387097,0.209420289855072,0.135680751173709,0.100347222222222,0.0796143250688705,0.196825396825397,0.248148148148148,0.146448087431694,0.103875968992248,0.0864864864864865
"54","OE-10Ahr-NMC-80SOC-Cell9","Physical effect, rupture of pouch, smoke, gas release, fire – 7",7,"FP","172.1",1,"NMC","Commercial (NMC)",0.16797385620915,0.12979797979798,0.0941391941391941,0.0738505747126437,0.0607565011820331,0.172043010752688,0.115942028985507,0.0751173708920188,0.0555555555555556,0.0440771349862259,0.168253968253968,0.0981481481481481,0.0628415300546448,0.0445736434108527,0.0345345345345345
"55","OE-10Ahr-NMC-80SOC-cell8","Physical effect, rupture of pouch, smoke, gas release, fire – 7",7,"TP","162",1,"NMC","Commercial (NMC)",0.463398692810457,0.358080808080808,0.25970695970696,0.203735632183908,0.167612293144208,0.496774193548387,0.334782608695652,0.216901408450704,0.160416666666667,0.127272727272727,0.665079365079365,0.387962962962963,0.22896174863388,0.162403100775194,0.125825825825826
"56","OE-LCO-6270mAh-40SOC","Moderate effect, extended joule heating, local reactions (limited spread) – 4",NA,"DID NOT DETECT EARLY","58.7",NA,"LCO","Commercial (LCO)",0.526143790849673,0.489393939393939,0.442490842490842,0.406609195402299,0.364775413711584,0.651612903225807,0.580434782608696,0.489201877934272,0.433680555555556,0.379338842975207,0.614285714285714,0.574074074074074,0.466666666666667,0.415891472868217,0.378978978978979
"57","OE-LCO-6340mAh-0SOC","No effect, instant local Joule heating, no internal discharge – 1",1,NA,"78.8",2,"LCO","Commercial (LCO)",0.339869281045752,0.354545454545455,0.361538461538461,0.31551724137931,0.294089834515366,0.468817204301075,0.442028985507246,0.410798122065728,0.354861111111111,0.328374655647383,0.553968253968254,0.457407407407407,0.421857923497268,0.356589147286822,0.321921921921922
"58","OE-LCO-6400mAh-20SOC","Moderate effect, extended joule heating, local reactions (no spread) – 3",3,"TP","68.4",1,"LCO","Commercial (LCO)",0.401307189542484,0.361616161616162,0.343223443223443,0.337931034482759,0.319148936170213,0.539784946236559,0.464492753623188,0.422535211267606,0.397916666666667,0.363911845730028,0.507936507936508,0.42962962962963,0.408196721311475,0.37984496124031,0.351951951951952
"59","OE-LCO-6470mAh-60SOC","Physical effect (pouch swelling), rupture of pouch, gas release –  6",6,"TP","89.6",1,"LCO","Commercial (LCO)",0.394117647058824,0.384848484848485,0.356776556776557,0.304885057471264,0.270685579196217,0.497849462365591,0.466666666666667,0.411267605633803,0.349652777777778,0.301101928374656,0.587301587301587,0.556481481481482,0.460655737704918,0.377519379844961,0.318318318318318
"60","OE-LCO-6490mAh-60SOC","Moderate effect, extended joule heating, local reactions (limited spread) – 4",4,"FN","80.2",1,"LCO","Commercial (LCO)",0.515686274509804,0.416666666666667,0.36996336996337,0.324712643678161,0.274231678486998,0.566666666666667,0.544927536231884,0.439906103286385,0.367013888888889,0.299449035812672,0.625396825396825,0.566666666666667,0.43224043715847,0.367829457364341,0.315015015015015
"61","OE-LCO-6500mAh-20SOC","Moderate effect, extended joule heating, local reactions (no spread) – 3",3,"TP","69.4",1,"LCO","Commercial (LCO)",0.48562091503268,0.432828282828283,0.372161172161172,0.339942528735632,0.310874704491726,0.531182795698925,0.476811594202899,0.432863849765258,0.390972222222222,0.354269972451791,0.615873015873016,0.542592592592593,0.46448087431694,0.407751937984496,0.363963963963964
"62","OE-LCO-6500mAh-40SOC","Moderate effect, extended joule heating, local reactions (limited spread) – 4",4,"TP","55.9",1,"LCO","Commercial (LCO)",0.454248366013072,0.392929292929293,0.342124542124542,0.325862068965517,0.307801418439716,0.563440860215054,0.460869565217391,0.422065727699531,0.381597222222222,0.349035812672176,0.536507936507936,0.539814814814815,0.421857923497268,0.376744186046512,0.342342342342342
"63","OE-LCO-6550mAh-20SOC","Moderate effect, extended joule heating, local reactions (no spread) – 3",3,"TP","63.9",1,"LCO","Commercial (LCO)",0.27516339869281,0.27020202020202,0.283150183150183,0.263505747126437,0.253900709219858,0.387096774193548,0.363768115942029,0.347417840375587,0.309722222222222,0.288980716253444,0.526984126984127,0.464814814814815,0.404371584699454,0.345736434108527,0.315015015015015
"64","OE-LCO-6560mAh-0SOC","Moderate effect, extended joule heating, local reactions (no spread) – 3",3,"TP","63.9",1,"LCO","Commercial (LCO)",0.46797385620915,0.44040404040404,0.384615384615385,0.338218390804598,0.298345153664303,0.618279569892473,0.549275362318841,0.45868544600939,0.383333333333333,0.335812672176309,0.704761904761904,0.580555555555556,0.462295081967213,0.393410852713178,0.351651651651652
"65","OE-LFP-cell14-60SOC-10Ah","No effect, local heating, internal discharge – 2",2,"TP","-1.2",1,"LFP","Commercial (LFP)",0.430065359477124,0.387373737373737,0.316117216117216,0.263505747126437,0.248936170212766,0.509677419354839,0.446376811594203,0.332863849765258,0.311111111111111,0.290082644628099,0.453968253968254,0.42962962962963,0.372131147540984,0.347286821705426,0.316216216216216
"66","OE-LFP10Ah-0SOC-cell10","No effect, local heating, internal discharge – 2",2,"FP","-9999",1,"LFP","Commercial (LFP)",0.429411764705882,0.380808080808081,0.325641025641026,0.277298850574713,0.243971631205674,0.57741935483871,0.494202898550725,0.368544600938967,0.30625,0.2633608815427,0.680952380952381,0.571296296296296,0.409836065573771,0.324031007751938,0.279279279279279
"67","OE-LFP10Ah-0SOC-cell9","No effect, local heating, internal discharge – 2",2,"TP","119.2",1,"LFP","Commercial (LFP)",0.629411764705882,0.581313131313131,0.492673992673993,0.424712643678161,0.368085106382979,0.668817204301075,0.589130434782609,0.504694835680751,0.443055555555556,0.391460055096419,0.682539682539682,0.60462962962963,0.483606557377049,0.42093023255814,0.36966966966967
"68","OE-LFP10Ah-100SOC-cell1","Moderate effect, extended joule heating, local reactions (no spread) – 3",3,"FP","-9999",0,"LFP","Commercial (LFP)",0.618300653594771,0.571212121212121,0.456043956043956,0.363218390804598,0.298817966903073,0.696774193548387,0.607246376811594,0.473708920187793,0.399305555555556,0.316804407713499,0.692063492063492,0.57962962962963,0.448633879781421,0.372868217054264,0.288888888888889
"69","OE-LFP10Ah-100SOC-cell12","Moderate effect, extended joule heating, local reactions (no spread) – 3",3,"FP","32.5",0,"LFP","Commercial (LFP)",0.552287581699346,0.50959595959596,0.460805860805861,0.430172413793104,0.385106382978723,0.664516129032258,0.588405797101449,0.511737089201878,0.461458333333333,0.402479338842975,0.674603174603174,0.55462962962963,0.4775956284153,0.431395348837209,0.373873873873874
"70","OE-LFP10Ah-100SOC-cell2","No effect, local heating, internal discharge – 2",2,"FP","-9999",0,"LFP","Commercial (LFP)",0.609803921568627,0.586363636363636,0.513919413919414,0.448563218390805,0.386524822695035,0.63010752688172,0.582608695652174,0.50093896713615,0.424652777777778,0.365564738292011,0.617460317460317,0.568518518518518,0.465027322404372,0.393023255813953,0.35045045045045
"71","OE-LFP10Ah-20SOC","No effect, local heating, internal discharge – 2",2,"FP","-9999",1,"LFP","Commercial (LFP)",0.571241830065359,0.511616161616162,0.44981684981685,0.413505747126437,0.380851063829787,0.681720430107527,0.619565217391304,0.520657276995305,0.458333333333333,0.411019283746556,0.612698412698413,0.562037037037037,0.470491803278689,0.415503875968992,0.373573573573574
"72","OE-LFP10Ah-40SOC-cell7","No effect, local heating, internal discharge – 2",2,"TP","135.3",1,"LFP","Commercial (LFP)",0.596078431372549,0.525252525252525,0.452747252747253,0.392528735632184,0.350591016548463,0.644086021505376,0.584782608695652,0.479342723004695,0.399652777777778,0.351515151515152,0.665079365079365,0.596296296296296,0.49016393442623,0.395736434108527,0.364264264264264
"73","OE-LFP10Ah-40SOC-cell8","Moderate effect, extended joule heating, local reactions (no spread) – 3",3,"TP","151.7",1,"LFP","Commercial (LFP)",0.612418300653595,0.537878787878788,0.465201465201465,0.426436781609195,0.397163120567376,0.665591397849462,0.588405797101449,0.507511737089202,0.444791666666667,0.404132231404959,0.668253968253968,0.603703703703704,0.503825136612022,0.426356589147287,0.386186186186186
"74","OE-LFP10Ah-60SOC","No effect, local heating, internal discharge – 2",2,"FP","-16.6",0,"LFP","Commercial (LFP)",0.426143790849673,0.364646464646465,0.376190476190476,0.345114942528736,0.328368794326241,0.561290322580645,0.499275362318841,0.466666666666667,0.405555555555556,0.373553719008265,0.696825396825397,0.576851851851852,0.507103825136612,0.427131782945736,0.387387387387387
"75","OE-LFP10Ah-70SOC-cell5","No effect, local heating, internal discharge – 2",2,"FP","133.7",0,"LFP","Commercial (LFP)",0.466666666666667,0.454040404040404,0.411355311355311,0.35919540229885,0.314657210401891,0.482795698924731,0.459420289855072,0.402816901408451,0.351388888888889,0.306887052341598,0.495238095238095,0.427777777777778,0.401639344262295,0.35,0.301801801801802
"76","OE-LFP10Ah-70SOC-cell6","No effect, local heating, internal discharge – 2",2,"FP","-9999",0,"LFP","Commercial (LFP)",0.567320261437908,0.494444444444444,0.398534798534798,0.335919540229885,0.309456264775414,0.611827956989247,0.536231884057971,0.46150234741784,0.369444444444444,0.315702479338843,0.652380952380952,0.551851851851852,0.467213114754098,0.362403100775194,0.304804804804805
"77","OE-LFP10Ah-80SOC-Cell15","No effect, local heating, internal discharge – 2",2,"TP","149.6",1,"LFP","Commercial (LFP)",0.573202614379085,0.518181818181818,0.413553113553114,0.364080459770115,0.322695035460993,0.668817204301075,0.572463768115942,0.434272300469484,0.378819444444444,0.327548209366391,0.644444444444444,0.531481481481481,0.42896174863388,0.36937984496124,0.327927927927928
"78","OE-LFP10Ah-80SOC-cell13","Moderate effect, extended joule heating, local reactions (no spread) – 3",3,NA,"27.7",2,"LFP","Commercial (LFP)",0.37843137254902,0.343434343434344,0.288644688644689,0.266954022988506,0.265011820330969,0.587096774193548,0.451449275362319,0.366197183098592,0.319791666666667,0.306611570247934,0.676190476190477,0.547222222222222,0.399453551912568,0.337984496124031,0.31951951951952
"79","OE-LFP10Ah-80SOC-cell3","Moderate effect, extended joule heating, local reactions (no spread) – 3",3,"FP","128.3",0,"LFP","Commercial (LFP)",0.635294117647059,0.568181818181818,0.484249084249084,0.435057471264368,0.407565011820331,0.701075268817204,0.619565217391304,0.512676056338028,0.439583333333333,0.398898071625344,0.712698412698412,0.571296296296296,0.487431693989071,0.41937984496124,0.387987987987988
"80","OE-LFP10Ah-80SOC-cell4","Moderate effect, extended joule heating, local reactions (no spread) – 3",3,"FP","-9999",0,"LFP","Commercial (LFP)",0.442483660130719,0.391919191919192,0.322344322344322,0.289655172413793,0.278959810874705,0.555913978494624,0.485507246376812,0.404225352112676,0.334375,0.312121212121212,0.595238095238095,0.536111111111111,0.426229508196721,0.365891472868217,0.335135135135135
"81","OE-NMC10Ah-20SOC","Moderate effect, extended joule heating, local reactions (no spread) – 3",3,"FP","-9999",0,"NMC","Commercial (NMC)",0.573202614379085,0.519191919191919,0.435897435897436,0.38764367816092,0.350118203309693,0.644086021505377,0.552173913043478,0.453990610328638,0.407986111111111,0.366666666666667,0.641269841269841,0.580555555555555,0.497267759562842,0.434496124031008,0.383483483483483
"82","OE-NMC10Ah-20SOC-cell2","Moderate effect, extended joule heating, local reactions (no spread) – 3",3,"TP","35.9",1,"NMC","Commercial (NMC)",0.53202614379085,0.50959595959596,0.45054945054945,0.417241379310345,0.374940898345154,0.654838709677419,0.588405797101449,0.5,0.44375,0.387878787878788,0.63968253968254,0.565740740740741,0.473770491803279,0.433720930232558,0.378678678678679
"83","OE-NMC10Ah-45SOC","Moderate effect, extended joule heating, local reactions (limited spread) – 4",4,"FP","-9999",1,"NMC","Commercial (NMC)",0.46797385620915,0.418686868686869,0.411721611721612,0.378448275862069,0.359574468085106,0.541935483870968,0.473913043478261,0.428638497652582,0.384027777777778,0.361432506887052,0.561904761904762,0.537037037037037,0.444262295081967,0.398062015503876,0.368168168168168
"84","OE-NMC10Ah-45SOC-cell2","Moderate effect, extended joule heating, local reactions (limited spread) – 4",4,"TP","13.1",1,"NMC","Commercial (NMC)",0.447712418300654,0.401515151515151,0.387179487179487,0.361206896551724,0.336879432624114,0.541935483870968,0.468840579710145,0.433802816901408,0.389930555555556,0.352066115702479,0.523809523809524,0.501851851851852,0.426229508196721,0.381782945736434,0.346546546546547
"85","OE-NMC10Ah-50SOC","Physical effect, rupture of pouch, smoke, gas release, fire – 7",7,"FN","-19.1",1,"NMC","Commercial (NMC)",0.549019607843137,0.493434343434344,0.423076923076923,0.382183908045977,0.339007092198582,0.624731182795699,0.52463768115942,0.430516431924883,0.380902777777778,0.344903581267218,0.577777777777778,0.475925925925926,0.431147540983607,0.391472868217054,0.357657657657658
"86","OE-NMC10Ah-60SOC","Physical effect, rupture of pouch, smoke, gas release, fire – 7",7,"TP","-2.8",1,"NMC","Commercial (NMC)",0.379084967320261,0.304040404040404,0.229304029304029,0.22816091954023,0.227186761229314,0.429032258064516,0.370289855072464,0.279342723004695,0.261111111111111,0.252341597796143,0.396825396825397,0.362037037037037,0.2775956284153,0.281007751937984,0.267867867867868
"87","Soetria-80SOC-cell3","Physical effect, rupture of pouch, smoke, gas release, fire – 7",7,"TP","43.1",1,"SO","Soteria",0.162091503267974,0.179292929292929,0.157875457875458,0.169540229885057,0.152245862884161,0.248387096774194,0.25,0.202347417840376,0.204861111111111,0.177410468319559,0.311111111111111,0.286111111111111,0.226229508196721,0.222093023255814,0.193393393393393
"88","Soetria-Control-45SOC-cell1","Physical effect (pouch swelling), rupture of pouch, gas release –  6",6,"TP","47.1",1,"SO","Soteria (Control)",0.315032679738562,0.306060606060606,0.249084249084249,0.255459770114942,0.249172576832151,0.46989247311828,0.335507246376812,0.29906103286385,0.2875,0.273553719008264,0.365079365079365,0.373148148148148,0.316939890710383,0.296899224806202,0.279279279279279
"89","Sorteria-100SOC-cell1","No effect, instant local Joule heating, no internal discharge – 1",1,"FP","-9999",0,"SO","Soteria",0.437908496732026,0.373232323232323,0.298168498168498,0.250287356321839,0.219148936170213,0.596774193548387,0.465942028985507,0.337089201877934,0.276736111111111,0.234986225895317,0.657142857142857,0.507407407407407,0.348087431693989,0.287209302325581,0.255555555555556
"90","Sorteria-100SOC-cell2","No effect, instant local Joule heating, no internal discharge – 1",1,"FP","-9999",0,"SO","Soteria",0.366666666666667,0.364141414141414,0.275091575091575,0.215804597701149,0.177541371158392,0.448387096774194,0.418115942028985,0.284976525821596,0.210763888888889,0.167217630853994,0.384126984126984,0.372222222222222,0.25792349726776,0.201937984496124,0.163663663663664
"91","Sorteria-Control-100SOC-cell1","Physical effect, rupture of pouch, smoke, gas release, fire – 7",7,"TP","100.3",1,"SO","Soteria (Control)",0.415032679738562,0.361111111111111,0.295238095238095,0.256034482758621,0.216784869976359,0.387096774193548,0.28768115942029,0.254929577464789,0.198958333333333,0.165013774104683,0.384126984126984,0.264814814814815,0.252459016393443,0.17906976744186,0.146546546546547
"92","Sorteria-Control-100SOC-cell2","Physical effect, rupture of pouch, smoke, gas release, fire – 7",7,"TP","100.3",1,"SO","Soteria (Control)",0.149019607843137,0.115151515151515,0.154945054945055,0.172126436781609,0.143498817966903,0.219354838709677,0.147826086956522,0.198591549295775,0.207986111111111,0.167217630853994,0.238095238095238,0.185185185185185,0.224043715846995,0.227131782945736,0.178378378378378
"93","Sorteria-Control-60SOC-cell1","Physical effect, rupture of pouch, smoke, gas release, fire – 7",7,"TP","47.6",1,"SO","Soteria (Control)",0.572549019607843,0.524747474747475,0.461538461538462,0.389942528735632,0.345390070921986,0.696774193548387,0.618115942028986,0.521596244131455,0.419444444444444,0.3633608815427,0.711111111111111,0.60462962962963,0.497814207650273,0.390697674418605,0.344444444444444
"94","Sorteria-control-20SOC-cell1","Physical effect (pouch swelling), extended joule heating, local reactions – 5",5,"TP","110.5",1,"SO","Soteria (Control)",0.349019607843137,0.319191919191919,0.288644688644689,0.257183908045977,0.224113475177305,0.506451612903226,0.443478260869565,0.36056338028169,0.304861111111111,0.256749311294766,0.6,0.483333333333333,0.370491803278689,0.304263565891473,0.252252252252252
"95","Sorteria-control-40SOC-cell2","Physical effect (pouch swelling), rupture of pouch, gas release –  6",6,"TP","59.6",1,"SO","Soteria (Control)",0.377777777777778,0.307070707070707,0.222710622710623,0.192816091954023,0.195035460992908,0.448387096774194,0.390579710144928,0.266666666666667,0.201388888888889,0.199449035812672,0.466666666666667,0.425925925925926,0.274863387978142,0.222093023255814,0.205105105105105
"96","Soteria-Control-0SOC-cell1","Moderate effect, extended joule heating, local reactions (no spread) – 3",3,"TP","73.9",1,"SO","Soteria (Control)",0.330718954248366,0.313131313131313,0.2996336996337,0.274137931034483,0.261702127659574,0.461290322580645,0.428260869565217,0.372769953051643,0.322916666666667,0.298347107438016,0.596825396825397,0.498148148148148,0.404918032786885,0.346899224806202,0.311711711711712
"97","Soteria-Control-5010mAh-20SOC","Moderate effect, extended joule heating, local reactions (limited spread) – 4",4,"TP","61.6",1,"SO","Soteria (Control)",0.577777777777778,0.493434343434343,0.446153846153846,0.38448275862069,0.329314420803782,0.632258064516129,0.520289855072464,0.448356807511737,0.399652777777778,0.353443526170799,0.566666666666667,0.515740740740741,0.469398907103825,0.418217054263566,0.375075075075075
"98","Soteria-Control-5030mAh-10SOC","Moderate effect, extended joule heating, local reactions (no spread) – 3",3,"TP","64.1",1,"SO","Soteria (Control)",0.626797385620915,0.574747474747475,0.480586080586081,0.38448275862069,0.333569739952719,0.713978494623656,0.610869565217391,0.477464788732394,0.380902777777778,0.338842975206612,0.704761904761904,0.576851851851852,0.481967213114754,0.413565891472868,0.363963963963964
"99","Soteria-Control-50SOC","Moderate effect, extended joule heating, local reactions (limited spread) – 4",4,"TP","39.4",1,"SO","Soteria (Control)",0.45359477124183,0.365151515151515,0.31978021978022,0.304597701149425,0.294562647754137,0.543010752688172,0.456521739130435,0.358215962441315,0.325694444444444,0.32038567493113,0.56031746031746,0.442592592592593,0.366666666666667,0.337209302325581,0.315315315315315
"100","Soteria-Control-5100mAh-55SOC","Physical effect (pouch swelling), rupture of pouch, gas release –  6",6,"TP","66.7",1,"SO","Soteria (Control)",0.565359477124183,0.534848484848485,0.475457875457875,0.41867816091954,0.367612293144208,0.688172043010753,0.604347826086957,0.503755868544601,0.427777777777778,0.366391184573003,0.642857142857143,0.55462962962963,0.45792349726776,0.402325581395349,0.358858858858859
"101","Soteria-Control-5120mAh-50SOC","Moderate effect, extended joule heating, local reactions (limited spread) – 4",4,"TP","58.4",1,"SO","Soteria (Control)",0.502614379084967,0.485858585858586,0.443589743589744,0.414942528735632,0.38628841607565,0.611827956989247,0.552173913043478,0.493427230046948,0.445833333333333,0.406060606060606,0.66984126984127,0.549074074074074,0.46775956284153,0.422093023255814,0.384084084084084
"102","Soteria-SCC-20SOC-5180mAh","No effect, instant local Joule heating, no internal discharge – 1",1,"FP","-9999",0,"SO","Soteria",0.262091503267974,0.222222222222222,0.231501831501831,0.23764367816092,0.22789598108747,0.310752688172043,0.315942028985507,0.294835680751174,0.285763888888889,0.265564738292011,0.415873015873016,0.378703703703704,0.334426229508197,0.310077519379845,0.28948948948949
"103","Soteria-SCC-4160mAh-100SOC-8mm","No effect, instant local Joule heating, no internal discharge – 1",1,"FP","-9999",0,"SO","Soteria",0.440522875816993,0.428282828282828,0.389010989010989,0.343103448275862,0.29290780141844,0.593548387096774,0.539855072463768,0.453990610328639,0.398263888888889,0.336088154269972,0.585714285714286,0.509259259259259,0.453005464480874,0.39922480620155,0.356456456456456
"104","Soteria-SCC-4630mAh-10SOC","No effect, instant local Joule heating, no internal discharge – 1",1,"FP","-9999",0,"SO","Soteria",0.366013071895425,0.340909090909091,0.305494505494505,0.264080459770115,0.248699763593381,0.513978494623656,0.429710144927536,0.353051643192488,0.290625,0.267217630853994,0.512698412698413,0.405555555555556,0.326229508196721,0.277131782945736,0.254354354354354
"105","Soteria-SCC-4700mAh-100SOC-12mm","No effect, instant local Joule heating, no internal discharge – 1",NA,"","-9999",NA,"SO","Soteria",0.266013071895425,0.252525252525253,0.196703296703297,0.154310344827586,0.126950354609929,0.404301075268817,0.33768115942029,0.244131455399061,0.180555555555556,0.147658402203857,0.482539682539682,0.328703703703704,0.229508196721311,0.182170542635659,0.141141141141141
"106","Soteria-SCC-4720mAh-40SOC","No effect, instant local Joule heating, no internal discharge – 1",1,"FP","-9999",0,"SO","Soteria",0.305228758169935,0.328282828282828,0.316483516483516,0.301436781609196,0.292198581560284,0.481720430107527,0.457971014492754,0.397183098591549,0.361458333333333,0.340495867768595,0.571428571428571,0.523148148148148,0.43879781420765,0.397674418604651,0.366666666666667
"107","Soteria-SCC-4870mah-0SOC","No effect, instant local Joule heating, no internal discharge – 1",1,"FP","-9999",0,"SO","Soteria",0.603267973856209,0.466161616161616,0.361538461538461,0.326436781609195,0.30354609929078,0.661290322580645,0.529710144927536,0.447417840375587,0.378472222222222,0.341046831955923,0.944444444444444,0.717592592592592,0.450273224043716,0.393410852713178,0.353153153153153
"108","Soteria-SCC-5050mAhr-100SOC","No effect, instant local Joule heating, no internal discharge – 1",1,"FP","-9999",0,"SO","Soteria",0.336601307189542,0.374747474747475,0.314652014652015,0.290229885057471,0.271631205673759,0.508602150537634,0.485507246376812,0.392957746478873,0.344097222222222,0.313498622589532,0.642857142857143,0.534259259259259,0.424043715846995,0.360852713178294,0.323723723723724
"109","Soteria-SCC-5070-70SOC","No effect, instant local Joule heating, no internal discharge – 1",1,"FP","-9999",0,"SO","Soteria",0.240522875816993,0.262121212121212,0.251648351648352,0.26551724137931,0.268557919621749,0.395698924731183,0.376086956521739,0.322535211267606,0.320833333333333,0.312947658402204,0.544444444444444,0.458333333333333,0.375409836065574,0.358139534883721,0.341141141141141
"110","Soteria-SCC-5080mAh-20SOC","No effect, instant local Joule heating, no internal discharge – 1",1,"FP","-9999",0,"SO","Soteria",0.474509803921569,0.46969696969697,0.393406593406593,0.344827586206897,0.321040189125296,0.597849462365591,0.534782608695652,0.454929577464789,0.415625,0.372451790633609,0.647619047619047,0.537037037037037,0.459562841530055,0.40968992248062,0.372672672672673
"111","Soteria-SCC-5170mAh-60SOC","No effect, instant local Joule heating, no internal discharge – 1",1,"FP","-9999",0,"SO","Soteria",0.318954248366013,0.246464646464647,0.178754578754579,0.169444444444444,0.169444444444444,0.596774193548387,0.402173913043478,0.26056338028169,0.192708333333333,0.162534435261708,0.476190476190476,0.300925925925926,0.221857923497268,0.175968992248062,0.165165165165165
"112","Soteria-SCC-60SOC-cell1","No effect, instant local Joule heating, no internal discharge – 1",1,"FP","-9999",0,"SO","Soteria",0.263398692810457,0.232323232323232,0.205860805860806,0.168965517241379,0.145626477541371,0.379569892473118,0.321739130434783,0.232863849765258,0.18125,0.160330578512397,0.487301587301587,0.385185185185185,0.241530054644809,0.190697674418605,0.16996996996997
"113","Soteria-SCC-80SOC-cell1","No effect, instant local Joule heating, no internal discharge – 1",1,"FP","-9999",0,"SO","Soteria",0.441830065359477,0.389393939393939,0.361904761904762,0.314080459770115,0.271158392434988,0.510752688172043,0.446376811594203,0.4,0.341319444444445,0.29228650137741,0.596825396825397,0.49537037037037,0.421311475409836,0.349612403100775,0.313213213213213
"114","Soteria-SCC-90SOC-cell1","No effect, instant local Joule heating, no internal discharge – 1",1,"FP","-9999",0,"SO","Soteria",0.19281045751634,0.181818181818182,0.208791208791209,0.23448275862069,0.203073286052009,0.194623655913979,0.242753623188406,0.255868544600939,0.276041666666667,0.2366391184573,0.236507936507936,0.310185185185185,0.297814207650273,0.306589147286822,0.252552552552553
"115","Soteria-control-10SOC-cell1","Moderate effect, extended joule heating, local reactions (limited spread) – 4",4,"TP","53.3",1,"SO","Soteria (Control)",0.480392156862745,0.395959595959596,0.28974358974359,0.275287356321839,0.260047281323877,0.673118279569893,0.489130434782609,0.347417840375587,0.332638888888889,0.303030303030303,0.633333333333333,0.475925925925926,0.404371584699454,0.371317829457364,0.33033033033033
"116","Soteria-control-30SOC-cell1","Physical effect (pouch swelling), extended joule heating, local reactions – 5",5,"TP","-9999",1,"SO","Soteria (Control)",0.526797385620915,0.476262626262626,0.384981684981685,0.339942528735632,0.309456264775414,0.59247311827957,0.526086956521739,0.435680751173709,0.373958333333333,0.332782369146005,0.59047619047619,0.514814814814815,0.446448087431694,0.386046511627907,0.337237237237237
"117","Soteria-control-30SOC-cell2","Physical effect (pouch swelling), extended joule heating, local reactions – 5",5,"TP","49.5",1,"SO","Soteria (Control)",0.513071895424836,0.411111111111111,0.298168498168498,0.233908045977011,0.202364066193853,0.647311827956989,0.476086956521739,0.343661971830986,0.259375,0.230853994490358,0.642857142857143,0.538888888888889,0.372131147540984,0.288372093023256,0.23993993993994
"118","Soteria-control-5100mAh-50SOC","Physical effect (pouch swelling), rupture of pouch, gas release –  6",6,"TP","50.6",1,"SO","Soteria (Control)",0.54640522875817,0.482323232323232,0.454212454212454,0.406034482758621,0.362884160756501,0.582795698924731,0.564492753623188,0.496244131455399,0.427430555555556,0.398347107438017,0.631746031746032,0.605555555555556,0.509289617486339,0.428682170542636,0.396696696696697
