,time_ind,signal,detected_offline,detected_value_rt,flag,first_detection_time
0,50,1.7885046808339646,0.0,0.0,False,
1,51,1.8038588915861586,0.0,0.0,False,
2,52,1.8097250070030206,0.0,0.0,False,
3,53,1.8170633543411943,0.0,0.0,False,
4,54,1.8206394853235153,0.0,0.0,False,
5,55,1.8290525198592738,0.0,0.0,False,
6,56,1.850429935106729,0.0,0.0,False,
7,57,1.855651548831423,0.0,0.0,False,
8,58,1.8621551501777347,0.0,0.0,False,
9,59,1.860445770789507,0.0,0.0,False,
10,60,1.8539782679546977,0.0,0.0,False,
11,61,1.8573350126294659,0.0,0.0,False,
12,62,1.8495757078191049,0.0,0.0,False,
13,63,1.832264573588187,0.0,0.0,False,
14,64,1.8136286558676662,0.0,0.0,False,
15,65,1.8134311652131583,0.0,0.0,False,
16,66,1.8250138641312352,0.0,0.0,False,
17,67,1.8115851370826954,0.0,0.0,False,
18,68,1.8114089167406133,0.0,0.0,False,
19,69,1.802582686417114,0.0,0.0,False,
20,70,1.7941130356245418,0.0,0.0,False,
21,71,1.7783485115959672,0.0,0.0,False,
22,72,1.7656938631883414,0.0,0.0,False,
23,73,1.7063899299057739,0.0,0.0,False,
24,74,1.682056261952362,0.0,0.0,False,
25,75,1.6370188999053015,0.0,0.0,False,
26,76,1.5790267067493535,0.0,0.0,False,
27,77,1.5230545737177115,0.0,0.0,False,
28,78,1.4702596693684797,0.014084507042253521,0.0,False,
29,79,1.4143006090181198,0.014084507042253521,0.0,False,
30,80,1.3494993564182838,0.014084507042253521,0.0,False,
31,81,1.344820756290295,0.014084507042253521,0.0,False,
32,82,1.304429481699923,0.014084507042253521,0.0,False,
33,83,1.326422603808103,0.014084507042253521,0.0,False,
34,84,1.3557164730829854,0.014084507042253521,0.0,False,
35,85,1.3663761332978541,0.014084507042253521,0.0,False,
36,86,1.3875702641018475,0.014084507042253521,0.0,False,
37,87,1.3807945998177384,0.014084507042253521,0.0,False,
38,88,1.6043444204157327,0.014084507042253521,0.0,False,
39,89,1.5483779271791827,0.014084507042253521,0.0,False,
40,90,1.553563274328526,0.014084507042253521,0.0,False,
41,91,1.5724005944841544,0.028169014084507043,0.0,False,
42,92,1.6116199452019124,0.028169014084507043,0.0,False,
43,93,1.6315169949072175,0.028169014084507043,0.0,False,
44,94,1.6112579525820494,0.028169014084507043,0.0,False,
45,95,1.6008551075644304,0.028169014084507043,0.0,False,
46,96,1.545725559554945,0.028169014084507043,0.0,False,
47,97,1.4623144403087123,0.04225352112676056,0.0,False,
48,98,1.4096142384676251,0.04225352112676056,0.0,False,
49,99,1.3539974930245124,0.04225352112676056,0.0,False,
50,100,1.3038045169527879,0.056338028169014086,0.0,False,
51,101,1.2884719812313237,0.056338028169014086,0.0,False,
52,102,1.319001530631716,0.09859154929577464,0.0,False,
53,103,1.2830000788986025,0.09859154929577464,0.0,False,
54,104,1.2510814686436338,0.1267605633802817,0.0,False,
55,105,1.1892126764965971,0.1267605633802817,0.0,False,
56,106,1.1821708319276505,0.1267605633802817,0.0,False,
57,107,1.1385262547227115,0.14084507042253522,0.0,False,
58,108,1.1668162661504777,0.15492957746478872,0.0,False,
59,109,1.1778437482206876,0.15492957746478872,0.0,False,
60,110,1.1991600806191862,0.15492957746478872,0.00046948356807511736,False,
61,111,1.1829101503815276,0.15492957746478872,0.0009389671361502347,False,
62,112,1.181270961592566,0.15492957746478872,0.0014084507042253522,False,
63,113,1.2291762251390825,0.18309859154929578,0.0018779342723004694,False,
64,114,1.1711762833769148,0.18309859154929578,0.002347417840375587,False,
65,115,1.182316430682154,0.18309859154929578,0.0028169014084507044,False,
66,116,1.231258120053607,0.18309859154929578,0.0032863849765258214,False,
67,117,1.2750499240631499,0.19718309859154928,0.0037558685446009384,False,
68,118,1.277041638089118,0.19718309859154928,0.004225352112676056,False,
69,119,1.2953732778842193,0.19718309859154928,0.004694835680751174,False,
70,120,1.32534529074925,0.19718309859154928,0.005164319248826292,False,
71,121,1.339866490190383,0.19718309859154928,0.00563380281690141,False,
72,122,1.3650254776707313,0.19718309859154928,0.006103286384976527,False,
73,123,1.384818822721018,0.19718309859154928,0.0065727699530516446,False,
74,124,1.4094933973287394,0.19718309859154928,0.0070422535211267625,False,
75,125,1.424119991467804,0.19718309859154928,0.00751173708920188,False,
76,126,1.4815099339808564,0.19718309859154928,0.007981220657276997,False,
77,127,1.5231017986781028,0.19718309859154928,0.008450704225352114,False,
78,128,1.5307026581116385,0.19718309859154928,0.008920187793427231,False,
79,129,1.5077036616243835,0.19718309859154928,0.009389671361502348,False,
80,130,1.4947510063162341,0.19718309859154928,0.009859154929577462,False,
81,131,1.5218406132064861,0.19718309859154928,0.01032863849765258,False,
82,132,1.5574625311554127,0.19718309859154928,0.010798122065727696,False,
83,133,1.557462080529722,0.19718309859154928,0.011267605633802812,False,
84,134,1.5591688641931527,0.19718309859154928,0.011737089201877932,False,
85,135,1.5788169917209565,0.19718309859154928,0.012206572769953048,False,
86,136,1.5976566409803006,0.18309859154929578,0.012676056338028164,False,
87,137,1.5987096446830429,0.18309859154929578,0.013145539906103284,False,
88,138,1.5781271673988961,0.18309859154929578,0.0136150234741784,False,
89,139,1.6155542685203734,0.18309859154929578,0.014084507042253518,False,
90,140,1.6387856024695833,0.18309859154929578,0.0136150234741784,False,
91,141,1.6592377754283094,0.18309859154929578,0.013145539906103284,False,
92,142,1.5830031285371449,0.18309859154929578,0.012676056338028168,False,
93,143,1.5491391037149262,0.19718309859154928,0.01220657276995305,False,
94,144,1.5155674899566445,0.18309859154929578,0.011737089201877934,False,
95,145,1.481442269673775,0.18309859154929578,0.011267605633802818,False,
96,146,1.4758578945728733,0.18309859154929578,0.0107981220657277,False,
97,147,1.4567843159139664,0.19718309859154928,0.010328638497652583,False,
98,148,1.4219914879551563,0.19718309859154928,0.009859154929577464,False,
99,149,1.3957031271730271,0.2112676056338028,0.009389671361502348,False,
100,150,1.3734534835989305,0.19718309859154928,0.008920187793427231,False,
101,151,1.3505347635448104,0.19718309859154928,0.008450704225352112,False,
102,152,1.2874124701002938,0.18309859154929578,0.007981220657276996,False,
103,153,1.2981143385338054,0.18309859154929578,0.007511737089201878,False,
104,154,1.2805214677799666,0.18309859154929578,0.007042253521126761,False,
105,155,1.2640620456314107,0.18309859154929578,0.006572769953051644,False,
106,156,1.2740600775675377,0.16901408450704225,0.006572769953051644,False,
107,157,1.2924555563075975,0.18309859154929578,0.007042253521126761,False,
108,158,1.260171606762645,0.2112676056338028,0.007981220657276996,False,
109,159,1.315229732199759,0.2112676056338028,0.009389671361502348,False,
110,160,1.500290004386497,0.2112676056338028,0.010798122065727698,False,
111,161,1.417822698478277,0.2112676056338028,0.01220657276995305,False,
112,162,1.3878567906621442,0.2112676056338028,0.013615023474178402,False,
113,163,1.3834433054744353,0.2112676056338028,0.015023474178403754,False,
114,164,1.3692170417083165,0.2112676056338028,0.016431924882629106,False,
115,165,1.388371986189072,0.2112676056338028,0.01784037558685446,False,
116,166,1.4587671430581457,0.2112676056338028,0.019248826291079813,False,
117,167,1.5694278837935491,0.2112676056338028,0.020657276995305167,False,
118,168,1.651019296128769,0.2112676056338028,0.022065727699530517,False,
119,169,1.6477138218831553,0.2112676056338028,0.02347417840375587,False,
120,170,1.6417329175438282,0.2112676056338028,0.025352112676056342,False,
121,171,1.737082895956393,0.2112676056338028,0.027230046948356814,False,
122,172,1.712238251102855,0.2112676056338028,0.029107981220657286,False,
123,173,1.7551142186735,0.2112676056338028,0.030985915492957754,False,
124,174,1.7898572705166282,0.19718309859154928,0.032863849765258225,False,
125,175,1.7867258282116536,0.18309859154929578,0.03474178403755869,False,
126,176,1.8025467913654722,0.18309859154929578,0.036619718309859155,False,
127,177,1.8085730898863313,0.16901408450704225,0.038497652582159626,False,
128,178,1.8480112475595107,0.16901408450704225,0.04037558685446009,False,
129,179,1.8244543708421224,0.16901408450704225,0.04225352112676055,False,
130,180,1.8084468990743212,0.16901408450704225,0.04413145539906102,False,
131,181,1.7940790295681874,0.16901408450704225,0.046009389671361485,False,
132,182,1.769303040820128,0.14084507042253522,0.04788732394366196,False,
133,183,1.7738524508152556,0.14084507042253522,0.04976525821596243,False,
134,184,1.7661188174721507,0.14084507042253522,0.0516431924882629,False,
135,185,1.7473855686625819,0.1267605633802817,0.05352112676056337,False,
136,186,1.7051613575675484,0.11267605633802817,0.05492957746478872,False,
137,187,1.6806373215622903,0.11267605633802817,0.055399061032863836,False,
138,188,1.666219124417132,0.11267605633802817,0.055399061032863836,False,
139,189,1.578547858921858,0.11267605633802817,0.0544600938967136,False,
140,190,1.5469663253380288,0.11267605633802817,0.05352112676056337,False,
141,191,1.4718714839186924,0.11267605633802817,0.05211267605633802,False,
142,192,1.434417418959491,0.11267605633802817,0.05070422535211267,False,
143,193,1.3981039031513025,0.11267605633802817,0.0488262910798122,False,
144,194,1.273897004757269,0.1267605633802817,0.046948356807511735,False,
145,195,1.2212297784231123,0.1267605633802817,0.04507042253521127,False,
146,196,1.1697888616881644,0.11267605633802817,0.0431924882629108,False,
147,197,1.1861482805744712,0.11267605633802817,0.041314553990610334,False,
148,198,1.1638541622223593,0.11267605633802817,0.039436619718309855,False,
149,199,1.2722325202079958,0.11267605633802817,0.03755868544600939,False,
150,200,1.4763273887463215,0.11267605633802817,0.035680751173708926,False,
151,201,1.5177345724350273,0.11267605633802817,0.02535211267605634,False,
152,202,1.5568076043218495,0.11267605633802817,0.023943661971830985,False,
153,203,1.570638498488522,0.11267605633802817,0.015023474178403756,False,
154,204,1.6267615223091227,0.11267605633802817,0.007511737089201878,False,
155,205,1.6267065323878782,0.11267605633802817,0.0,False,
156,206,1.6606506652714514,0.11267605633802817,0.0,False,
157,207,1.687921042601719,0.11267605633802817,0.0,False,
158,208,1.7192895438036147,0.11267605633802817,0.0,False,
159,209,1.7707856379054618,0.11267605633802817,0.0,False,
160,210,1.8243037298154463,0.11267605633802817,0.0,False,
161,211,1.8195143807342435,0.11267605633802817,0.0,False,
162,212,1.8163704911278467,0.11267605633802817,0.0,False,
163,213,1.8189702706353033,0.11267605633802817,0.0,False,
164,214,1.8100951706142958,0.11267605633802817,0.0,False,
165,215,1.7975896265070697,0.11267605633802817,0.0,False,
166,216,1.7899031555916234,0.11267605633802817,0.0,False,
167,217,1.7965497187804806,0.11267605633802817,0.0,False,
168,218,1.7917725501332133,0.11267605633802817,0.0,False,
169,219,1.7728285018181735,0.09859154929577464,0.0,False,
170,220,1.7702397991631775,0.09859154929577464,0.0,False,
171,221,1.7886341698553294,0.09859154929577464,0.0,False,
172,222,1.7375990835225603,0.08450704225352113,0.0,False,
173,223,1.711644976836327,0.07042253521126761,0.0,False,
174,224,1.673622401404145,0.07042253521126761,0.0,False,
175,225,1.643644496992805,0.08450704225352113,0.0,False,
176,226,1.6301805203027708,0.08450704225352113,0.0,False,
177,227,1.635552879316751,0.09859154929577464,0.0,False,
178,228,1.601713132284105,0.11267605633802817,0.0,False,
179,229,1.5701710879433297,0.11267605633802817,0.0,False,
180,230,1.5483105498370273,0.1267605633802817,0.0,False,
181,231,1.5365125652470786,0.1267605633802817,0.0,False,
182,232,1.5028473826083313,0.1267605633802817,0.0,False,
183,233,1.4472826731249793,0.1267605633802817,0.0,False,
184,234,1.3764920367525857,0.16901408450704225,0.0,False,
185,235,1.2752558570494212,0.16901408450704225,0.0,False,
186,236,1.1674291852844134,0.16901408450704225,0.0,False,
187,237,1.0476063247538112,0.2112676056338028,0.01220657276995305,False,
188,238,1.0768406440957086,0.22535211267605634,0.022535211267605635,False,
189,239,1.0828933144628654,0.23943661971830985,0.022065727699530517,False,
190,240,1.0894948117314434,0.28169014084507044,0.011267605633802818,False,
191,241,1.0761872105108305,0.28169014084507044,0.0,False,
192,242,1.0764389110524033,0.28169014084507044,0.0,False,
193,243,1.1383283978713623,0.28169014084507044,0.008450704225352112,False,
194,244,1.1374511933610971,0.29577464788732394,0.015023474178403756,False,
195,245,1.1509151393803014,0.29577464788732394,0.01455399061032864,False,
196,246,1.226745216815038,0.30985915492957744,0.014084507042253521,False,
197,247,1.379942780812838,0.323943661971831,0.0,False,
198,248,1.3338367788149634,0.323943661971831,0.0,False,
199,249,1.3426332024317131,0.323943661971831,0.0,False,
200,250,1.360894116423764,0.323943661971831,0.0,False,
201,251,1.3725714696784057,0.323943661971831,0.0,False,
202,252,1.4370235715102593,0.3380281690140845,0.0,False,
203,253,1.4551830415371878,0.3380281690140845,0.0,False,
204,254,1.4882001395425328,0.3380281690140845,0.0,False,
205,255,1.4494284587989281,0.352112676056338,0.0,False,
206,256,1.4079599881597205,0.352112676056338,0.0,False,
207,257,1.4054817628902816,0.352112676056338,0.0,False,
208,258,1.4218251692747959,0.352112676056338,0.0,False,
209,259,1.4670596507101479,0.352112676056338,0.0,False,
210,260,1.519838309900131,0.352112676056338,0.0,False,
211,261,1.5322666191676473,0.352112676056338,0.0,False,
212,262,1.57743662644161,0.352112676056338,0.0,False,
213,263,1.6315969275370183,0.352112676056338,0.0,False,
214,264,1.6702659325102454,0.352112676056338,0.0,False,
215,265,1.6951314113397742,0.352112676056338,0.0,False,
216,266,1.6571043796256006,0.352112676056338,0.014084507042253518,False,
217,267,1.6883702831786835,0.3380281690140845,0.0136150234741784,False,
218,268,1.6903728084725016,0.323943661971831,0.0136150234741784,False,
219,269,1.6987337306124823,0.323943661971831,0.013145539906103284,False,
220,270,1.707430343325726,0.30985915492957744,0.013145539906103284,False,
221,271,1.717215037625869,0.29577464788732394,0.0380281690140845,False,
222,272,1.7137987992377206,0.28169014084507044,0.03708920187793427,False,
223,273,1.7272268069587717,0.28169014084507044,0.0488262910798122,False,
224,274,1.784182671955547,0.28169014084507044,0.0352112676056338,False,
225,275,1.8251078061993697,0.28169014084507044,0.045539906103286384,False,
226,276,1.7868649593958161,0.2676056338028169,0.04366197183098592,False,
227,277,1.6619832428007668,0.2676056338028169,0.04788732394366197,False,
228,278,1.5460438145863673,0.2535211267605634,0.0460093896713615,False,
229,279,1.4237892131538772,0.2535211267605634,0.0460093896713615,False,
230,280,1.3923631267486414,0.2535211267605634,0.044131455399061034,False,
231,281,1.4560205653843017,0.2535211267605634,0.05164319248826291,False,
232,282,1.431458313444361,0.23943661971830985,0.04929577464788733,False,
233,283,1.456025369149703,0.23943661971830985,0.06338028169014084,False,
234,284,1.4769364339409898,0.22535211267605634,0.06056338028169014,False,
235,285,1.4265634780676577,0.22535211267605634,0.04694835680751174,False,
236,286,1.4751907449954489,0.22535211267605634,0.04460093896713615,False,
237,287,1.5076289124228284,0.22535211267605634,0.02676056338028169,False,
238,288,1.5144185925115163,0.22535211267605634,0.02535211267605634,False,
239,289,1.5928311086019238,0.19718309859154928,0.007042253521126761,False,
240,290,1.6898641174632738,0.19718309859154928,0.006572769953051644,False,
241,291,1.7149037057234309,0.19718309859154928,0.006572769953051644,False,
242,292,1.7435815996560258,0.19718309859154928,0.006103286384976526,False,
243,293,1.7373689634088163,0.19718309859154928,0.006103286384976526,False,
244,294,1.7223134196935996,0.19718309859154928,0.005633802816901409,False,
245,295,1.7207639660726328,0.19718309859154928,0.005633802816901409,False,
246,296,1.7840565936847417,0.18309859154929578,0.005164319248826292,False,
247,297,1.7837739404324462,0.18309859154929578,0.0,False,
248,298,1.777343462653871,0.18309859154929578,0.0,False,
249,299,1.806992127419575,0.16901408450704225,0.0,False,
250,300,1.7783513359861542,0.15492957746478872,0.0,False,
251,301,1.791986005938994,0.15492957746478872,0.0,False,
252,302,1.8478227478600215,0.14084507042253522,0.0,False,
253,303,1.8367278578598771,0.1267605633802817,0.0,False,
254,304,1.7943781880125587,0.1267605633802817,0.0,False,
255,305,1.7841434952628505,0.11267605633802817,0.0,False,
256,306,1.8336477705550753,0.11267605633802817,0.0,False,
257,307,1.8229176193129537,0.09859154929577464,0.0,False,
258,308,1.8047826752020002,0.09859154929577464,0.0,False,
259,309,1.803503870113814,0.09859154929577464,0.0,False,
260,310,1.7704274056463218,0.11267605633802817,0.0136150234741784,False,
261,311,1.6659700273836593,0.11267605633802817,0.013145539906103284,False,
262,312,1.6319635222640774,0.08450704225352113,0.013145539906103284,False,
263,313,1.5574860088579165,0.09859154929577464,0.012676056338028168,False,
264,314,1.5014461745503471,0.09859154929577464,0.012676056338028168,False,
265,315,1.4430100449489274,0.09859154929577464,0.01220657276995305,False,
266,316,1.4609890299635604,0.09859154929577464,0.01220657276995305,False,
267,317,1.458156288507608,0.08450704225352113,0.022065727699530517,False,
268,318,1.4093489470084735,0.09859154929577464,0.009859154929577464,False,
269,319,1.3662228142523518,0.08450704225352113,0.009859154929577464,False,
270,320,1.3355062955302084,0.08450704225352113,0.009389671361502348,False,
271,321,1.3234873220353807,0.08450704225352113,0.0,False,
272,322,1.3163465778676078,0.11267605633802817,0.0,False,
273,323,1.3246314779152668,0.11267605633802817,0.0,False,
274,324,1.3230558296369628,0.09859154929577464,0.0,False,
275,325,1.4036637947146025,0.09859154929577464,0.0,False,
276,326,1.3429358598453578,0.09859154929577464,0.0,False,
277,327,1.310514717199095,0.11267605633802817,0.0,False,
278,328,1.318760781130556,0.11267605633802817,0.0,False,
279,329,1.3328691918254403,0.11267605633802817,0.0,False,
280,330,1.367600146211603,0.11267605633802817,0.0,False,
281,331,1.4619335893429812,0.11267605633802817,0.0,False,
282,332,1.4364148825993475,0.11267605633802817,0.0,False,
283,333,1.5075307984452126,0.11267605633802817,0.0,False,
284,334,1.5498011912859284,0.11267605633802817,0.0,False,
285,335,1.5932600688255105,0.11267605633802817,0.0,False,
286,336,1.6464920302291448,0.11267605633802817,0.0009389671361502347,False,
287,337,1.7128837806529797,0.11267605633802817,0.007042253521126762,False,
288,338,1.7378157228263547,0.11267605633802817,0.011737089201877935,False,
289,339,1.7488127892470744,0.11267605633802817,0.007981220657276996,False,
290,340,1.7621225680800485,0.11267605633802817,0.006572769953051643,False,
291,341,1.6942424118517785,0.11267605633802817,0.00892018779342723,False,
292,342,1.6657302595500214,0.11267605633802817,0.011267605633802818,False,
293,343,1.6801085971152179,0.11267605633802817,0.014084507042253521,False,
294,344,1.6930083114676324,0.11267605633802817,0.01737089201877934,False,
295,345,1.7217424877731413,0.11267605633802817,0.020657276995305167,False,
296,346,1.7586966342058026,0.11267605633802817,0.024413145539906103,False,
297,347,1.7851622292941014,0.11267605633802817,0.028638497652582157,False,
298,348,1.770773413135386,0.11267605633802817,0.029577464788732393,False,
299,349,1.7277867096370638,0.11267605633802817,0.053990610328638486,False,
300,350,1.7180022963074042,0.08450704225352113,0.0516431924882629,False,
301,351,1.716136409894168,0.08450704225352113,0.03990610328638498,False,
302,352,1.696382502909962,0.09859154929577464,0.041314553990610334,False,
303,353,1.6863067383201216,0.08450704225352113,0.04507042253521127,False,
304,354,1.6714329981268887,0.08450704225352113,0.04647887323943662,False,
305,355,1.6409058937302783,0.08450704225352113,0.03192488262910798,False,
306,356,1.616000674974229,0.08450704225352113,0.030985915492957747,False,
307,357,1.5578822736360316,0.07042253521126761,0.03286384976525822,False,
308,358,1.5084229840963357,0.056338028169014086,0.03474178403755868,False,
309,359,1.4903317830730654,0.056338028169014086,0.044131455399061034,False,
310,360,1.4062834212924036,0.056338028169014086,0.053521126760563385,False,
311,361,1.3673411115791776,0.056338028169014086,0.04507042253521127,False,
312,362,1.3760258114448156,0.07042253521126761,0.04694835680751174,False,
313,363,1.3172673376369923,0.07042253521126761,0.056338028169014086,False,
314,364,1.3230709689057716,0.08450704225352113,0.054929577464788736,False,
315,365,1.3035000074973455,0.08450704225352113,0.046009389671361506,False,
316,366,1.294523939073681,0.09859154929577464,0.035680751173708926,False,
317,367,1.336588599755752,0.09859154929577464,0.03474178403755868,False,
318,368,1.411578547827114,0.09859154929577464,0.026291079812206575,False,
319,369,1.4036986871432067,0.11267605633802817,0.017840375586854463,False,
320,370,1.3988345312600532,0.11267605633802817,0.01737089201877934,False,
321,371,1.4173558294031952,0.11267605633802817,0.016901408450704224,False,
322,372,1.4192530833192016,0.11267605633802817,0.008450704225352112,False,
323,373,1.4331088324901446,0.14084507042253522,0.0,False,
324,374,1.4453711073865168,0.14084507042253522,0.0,False,
325,375,1.4275743723752357,0.14084507042253522,0.0,False,
326,376,1.4263600528233258,0.14084507042253522,0.0,False,
327,377,1.4266230030255662,0.15492957746478872,0.0,False,
328,378,1.4282538611366697,0.15492957746478872,0.0,False,
329,379,1.451021093132245,0.15492957746478872,0.0,False,
330,380,1.470171070840711,0.15492957746478872,0.0,False,
331,381,1.4790952950979694,0.15492957746478872,0.0,False,
332,382,1.5105865931042401,0.16901408450704225,0.0,False,
333,383,1.5066884649430976,0.16901408450704225,0.0,False,
334,384,1.5023404143581065,0.18309859154929578,0.0,False,
335,385,1.476325043880092,0.18309859154929578,0.0,False,
336,386,1.472780843308099,0.18309859154929578,0.0,False,
337,387,1.4434107539176602,0.22535211267605634,0.006572769953051644,False,
338,388,1.431495048455052,0.22535211267605634,0.006103286384976526,False,
339,389,1.4367183985995509,0.22535211267605634,0.0,False,
340,390,1.4471912304465417,0.23943661971830985,0.0,False,
341,391,1.4327372961338611,0.23943661971830985,0.0,False,
342,392,1.4221986924361345,0.23943661971830985,0.0,False,
343,393,1.3995931489618687,0.23943661971830985,0.0,False,
344,394,1.377950076568402,0.2676056338028169,0.0,False,
345,395,1.3564160672071508,0.2676056338028169,0.0,False,
346,396,1.3810517421292838,0.30985915492957744,0.0,False,
347,397,1.4184371321939664,0.30985915492957744,0.0,False,
348,398,1.2928613478571152,0.323943661971831,0.0,False,
349,399,1.337573422143979,0.3380281690140845,0.0,False,
350,400,1.1574909896429846,0.352112676056338,0.0,False,
351,401,1.298487262859502,0.36619718309859156,0.0,False,
352,402,1.1777917098478,0.38028169014084506,0.0,False,
353,403,1.1952887805009467,0.38028169014084506,0.0,False,
354,404,1.2243815523770953,0.39436619718309857,0.0,False,
355,405,1.2603172527255047,0.39436619718309857,0.0,False,
356,406,1.3046359718590954,0.39436619718309857,0.0,False,
357,407,1.3055874734595387,0.39436619718309857,0.0,False,
358,408,1.3308204168849773,0.4084507042253521,0.0,False,
359,409,1.3189630121689442,0.4225352112676056,0.0,False,
360,410,1.24970572661409,0.4225352112676056,0.0,False,
361,411,1.34333983422339,0.4225352112676056,0.0,False,
362,412,1.491945812935366,0.4225352112676056,0.0,False,
363,413,1.5045701169722898,0.4225352112676056,0.0,False,
364,414,1.5738651905485432,0.43661971830985913,0.0,False,
365,415,1.5621108136317594,0.43661971830985913,0.0,False,
366,416,1.5766871258453719,0.43661971830985913,0.0,False,
367,417,1.516116992992371,0.43661971830985913,0.0,False,
368,418,1.570454643683601,0.43661971830985913,0.0,False,
369,419,1.6096114118344989,0.43661971830985913,0.0,False,
370,420,1.596131426522412,0.43661971830985913,0.0,False,
371,421,1.580622741405106,0.43661971830985913,0.0,False,
372,422,1.6310182818674397,0.43661971830985913,0.0,False,
373,423,1.6281436893560581,0.43661971830985913,0.0,False,
374,424,1.6140530036447325,0.43661971830985913,0.0,False,
375,425,1.5979617340629038,0.43661971830985913,0.0,False,
376,426,1.6028122310609738,0.43661971830985913,0.0,False,
377,427,1.5975481184941551,0.43661971830985913,0.0,False,
378,428,1.6436608125767531,0.43661971830985913,0.0,False,
379,429,1.6770897077790985,0.4225352112676056,0.0,False,
380,430,1.6617743285413007,0.4084507042253521,0.0,False,
381,431,1.6792255117298103,0.4084507042253521,0.0,False,
382,432,1.7179788336093298,0.39436619718309857,0.0,False,
383,433,1.7554413679254623,0.39436619718309857,0.0,False,
384,434,1.7548146762567136,0.39436619718309857,0.0,False,
385,435,1.7895317454281738,0.38028169014084506,0.0,False,
386,436,1.8007139904342901,0.352112676056338,0.014084507042253518,False,
387,437,1.8067768807258051,0.3380281690140845,0.022065727699530517,False,
388,438,1.785885385053145,0.323943661971831,0.02816901408450704,False,
389,439,1.7497247956582407,0.29577464788732394,0.05539906103286384,False,
390,440,1.7324014935259533,0.29577464788732394,0.060563380281690136,False,
391,441,1.7338327330314405,0.29577464788732394,0.049765258215962435,False,
392,442,1.7248680521907316,0.28169014084507044,0.03661971830985915,False,
393,443,1.732889546320116,0.2676056338028169,0.01220657276995305,False,
394,444,1.7290114081771184,0.2535211267605634,0.0,False,
395,445,1.7464293608162738,0.2535211267605634,0.014084507042253518,False,
396,446,1.743286800511058,0.2112676056338028,0.01784037558685446,False,
397,447,1.7693822629696547,0.2112676056338028,0.003755868544600939,False,
398,448,1.755093304286292,0.19718309859154928,0.0,False,
399,449,1.7238143231976528,0.19718309859154928,0.004694835680751174,False,
400,450,1.7048125434292887,0.16901408450704225,0.004225352112676056,False,
401,451,1.7100519495908137,0.16901408450704225,0.0,False,
402,452,1.7154109076360338,0.14084507042253522,0.0,False,
403,453,1.680425488869179,0.14084507042253522,0.003755868544600939,False,
404,454,1.6753400767691191,0.11267605633802817,0.0,False,
405,455,1.694359904341263,0.11267605633802817,0.0,False,
406,456,1.625076142844895,0.11267605633802817,0.0,False,
407,457,1.6067158051926498,0.08450704225352113,0.011267605633802818,False,
408,458,1.5629586722505182,0.08450704225352113,0.010328638497652583,False,
409,459,1.4181109441284243,0.07042253521126761,0.027230046948356807,False,
410,460,1.3173381634239782,0.08450704225352113,0.02535211267605634,False,
411,461,1.3004055426285683,0.09859154929577464,0.04507042253521128,False,
412,462,1.3090894097487293,0.09859154929577464,0.04225352112676057,False,
413,463,1.2639656621245572,0.09859154929577464,0.05117370892018779,False,
414,464,1.3248424673977588,0.08450704225352113,0.04788732394366198,False,
415,465,1.2420134247788763,0.08450704225352113,0.03896713615023474,False,
416,466,1.1949983174982328,0.08450704225352113,0.03615023474178404,False,
417,467,1.1970501529972162,0.056338028169014086,0.039436619718309855,False,
418,468,1.1819155363972633,0.056338028169014086,0.03615023474178404,False,
419,469,1.1455161019124327,0.056338028169014086,0.04037558685446009,False,
420,470,1.1239643338427783,0.056338028169014086,0.037089201877934276,False,
421,471,1.099889563325579,0.056338028169014086,0.0568075117370892,False,
422,472,1.0718346749194705,0.056338028169014086,0.052112676056338035,False,
423,473,1.142377304757795,0.056338028169014086,0.06103286384976525,False,
424,474,1.2774293876055602,0.056338028169014086,0.055868544600938964,False,
425,475,1.3620551661855074,0.056338028169014086,0.055868544600938964,False,
426,476,1.4313004895517105,0.056338028169014086,0.0511737089201878,False,
427,477,1.4615585073156359,0.056338028169014086,0.0511737089201878,False,
428,478,1.4913443945498401,0.056338028169014086,0.04647887323943662,False,
429,479,1.4858787622291245,0.056338028169014086,0.04647887323943662,False,
430,480,1.589353765585249,0.056338028169014086,0.04178403755868545,False,
431,481,1.6164682726170145,0.056338028169014086,0.038028169014084505,False,
432,482,1.594752432553455,0.056338028169014086,0.03427230046948357,False,
433,483,1.5717890685966562,0.056338028169014086,0.03427230046948357,False,
434,484,1.5630418910527821,0.056338028169014086,0.03051643192488263,False,
435,485,1.5386654020957566,0.056338028169014086,0.026291079812206575,False,
436,486,1.5573966921105615,0.056338028169014086,0.023474178403755867,False,
437,487,1.5505534840018385,0.056338028169014086,0.005164319248826292,False,
438,488,1.5467563002997196,0.056338028169014086,0.004694835680751174,False,
439,489,1.542723023248202,0.056338028169014086,0.0,False,
440,490,1.5703158472647891,0.056338028169014086,0.0,False,
441,491,1.576892550866094,0.056338028169014086,0.0,False,
442,492,1.5399352776975426,0.056338028169014086,0.0,False,
443,493,1.5169506120043519,0.056338028169014086,0.0,False,
444,494,1.4990098090533877,0.056338028169014086,0.0,False,
445,495,1.4868899285349333,0.056338028169014086,0.0,False,
446,496,1.4699850618165764,0.056338028169014086,0.0,False,
447,497,1.4406230201833568,0.056338028169014086,0.0,False,
448,498,1.436189617715101,0.028169014084507043,0.0,False,
449,499,1.4188361942493901,0.028169014084507043,0.0,False,
450,500,1.4104280486624754,0.028169014084507043,0.0,False,
451,501,1.3941968400389486,0.028169014084507043,0.0,False,
452,502,1.3491977323490292,0.014084507042253521,0.0,False,
453,503,1.3681259084358857,0.014084507042253521,0.0,False,
454,504,1.415257113696478,0.0,0.0,False,
455,505,1.2138312252313974,0.0,0.0,False,
456,506,1.1946871522671607,0.0,0.0,False,
457,507,1.1964857926479842,0.0,0.0,False,
458,508,1.1229842618553711,0.0,0.0,False,
459,509,1.0728587107187566,0.0,0.0,False,
460,510,1.034510492253779,0.0,0.0,False,
461,511,1.0567425452314967,0.0,0.0,False,
462,512,1.0816761526796344,0.0,0.0,False,
463,513,1.101304403936473,0.0,0.0,False,
464,514,1.16871272559184,0.0,0.0,False,
465,515,1.0878784833089823,0.0,0.0,False,
466,516,1.108176166155391,0.0,0.0,False,
467,517,1.13346335662618,0.0,0.0,False,
468,518,1.1456577681627598,0.0,0.0,False,
469,519,1.1287406613963777,0.0,0.0,False,
470,520,1.0479798369798925,0.0,0.0,False,
471,521,1.0616730321026224,0.0,0.0,False,
472,522,1.0717387266272203,0.0,0.0,False,
473,523,1.0826630467941427,0.0,0.0,False,
474,524,1.0492871801819366,0.0,0.0,False,
475,525,1.0531678430741171,0.0,0.0,False,
476,526,1.0636940551036818,0.0,0.0,False,
477,527,1.0801313123171723,0.0,0.0,False,
478,528,1.0295764486901755,0.0,0.0,False,
479,529,1.0360019208120985,0.0,0.0,False,
480,530,1.0056383276439764,0.0,0.0,False,
481,531,1.0056058529988188,0.0,0.0,False,
482,532,1.0020196637289223,0.0,0.0,False,
483,533,1.0096030324466814,0.0,0.0,False,
484,534,1.014207484417403,0.0,0.0,False,
485,535,1.1645567296792185,0.0,0.0,False,
486,536,1.112051862041599,0.0,0.0,False,
487,537,1.1340302859626976,0.0,0.0,False,
488,538,1.1146715059787091,0.0,0.0,False,
489,539,1.2450419361142475,0.0,0.0,False,
490,540,1.0228950003081123,0.0,0.0,False,
491,541,1.056079603285186,0.0,0.0,False,
492,542,1.0460725384324208,0.0,0.0,False,
493,543,1.0374090609925264,0.0,0.0,False,
494,544,1.0809656888643804,0.0,0.0,False,
495,545,1.0466420180877585,0.0,0.0,False,
496,546,1.0698439461167661,0.0,0.0,False,
497,547,1.0590344014420598,0.0,0.0,False,
498,548,1.046800619203289,0.0,0.0,False,
499,549,1.0261841656201376,0.0,0.0,False,
500,550,1.100388403191527,0.0,0.0,False,
501,551,1.102854987969166,0.0,0.0,False,
502,552,1.0960533940640278,0.0,0.0,False,
503,553,1.089246985577234,0.0,0.0,False,
504,554,1.206088718577632,0.0,0.0,False,
505,555,1.2227812754151521,0.0,0.0,False,
506,556,1.2331982458312325,0.0,0.0,False,
507,557,1.2444071982759644,0.0,0.0,False,
508,558,1.2556892161787718,0.0,0.0,False,
509,559,1.1554992609971881,0.0,0.0,False,
510,560,1.1886709661048585,0.0,0.0,False,
511,561,1.1888629384891993,0.0,0.0,False,
512,562,1.1810379138310048,0.0,0.0,False,
513,563,1.1766276351922493,0.0,0.0,False,
514,564,1.1722311020285388,0.0,0.0,False,
515,565,1.1768217516259325,0.0,0.0,False,
516,566,1.1754073489910848,0.0,0.0,False,
517,567,1.176168984923656,0.0,0.0,False,
518,568,1.1794807478601133,0.0,0.0,False,
519,569,1.1924281008009956,0.0,0.0,False,
520,570,1.1075977513891682,0.0,0.0,False,
521,571,1.1121903391199452,0.0,0.0,False,
522,572,1.0390529861960218,0.0,0.0,False,
523,573,1.0439849082782544,0.0,0.0,False,
524,574,1.0271467314975036,0.0,0.0,False,
525,575,1.0147978152787471,0.0,0.0,False,
526,576,1.0203153630479003,0.0,0.0,False,
527,577,1.0281074570929802,0.0,0.0,False,
528,578,1.0832591653148305,0.0,0.0,False,
529,579,1.1044146931811125,0.0,0.0,False,
530,580,1.1180021891274308,0.0,0.0,False,
531,581,1.1006079328026936,0.0,0.0,False,
532,582,1.1020183714315661,0.0,0.0,False,
533,583,1.089220590032898,0.0,0.003755868544600939,False,
534,584,1.0795171361836573,0.0,0.003286384976525822,False,
535,585,1.0695778503311846,0.0,0.0,False,
536,586,1.0623274207915647,0.0,0.0,False,
537,587,1.074334525231792,0.0,0.0,False,
538,588,1.0623456057293768,0.0,0.0,False,
539,589,1.068025612861331,0.0,0.004694835680751174,False,
540,590,1.169664612374628,0.0,0.004225352112676056,False,
541,591,1.1536390305304216,0.0,0.0,False,
542,592,1.1183814560228618,0.0,0.0,False,
543,593,1.0794354640740729,0.0,0.0,False,
544,594,1.1381993966059754,0.0,0.0,False,
545,595,1.1493129974174747,0.0,0.0,False,
546,596,1.1303672483663982,0.0,0.0,False,
547,597,1.1425280925223023,0.0,0.0,False,
548,598,1.0017113272454854,0.0,0.0,False,
549,599,1.027761460613478,0.0,0.0,False,
550,600,1.0709968066190265,0.0,0.0,False,
551,601,1.0598510941173125,0.0,0.0,False,
552,602,1.0399388740703566,0.0,0.0,False,
553,603,1.0775509444059668,0.0,0.0,False,
554,604,1.1041231957902387,0.0,0.0,False,
555,605,1.0940607939001532,0.0,0.0,False,
556,606,1.1028014913292452,0.0,0.0,False,
557,607,1.111247950523043,0.0,0.0,False,
558,608,1.0888667075812575,0.0,0.0,False,
559,609,1.0964260464208995,0.0,0.006572769953051644,False,
560,610,1.0929358097966713,0.0,0.006103286384976526,False,
561,611,1.0966241725869104,0.0,0.006103286384976526,False,
562,612,1.1107471809002218,0.0,0.005633802816901409,False,
563,613,1.1088197896999683,0.0,0.005633802816901409,False,
564,614,1.1166350767553115,0.0,0.005164319248826292,False,
565,615,1.0888950172255798,0.0,0.007042253521126761,False,
566,616,1.1037679404204728,0.0,0.006572769953051644,False,
567,617,1.0322207176814373,0.0,0.0,False,
568,618,1.049251648959711,0.0,0.0,False,
569,619,1.0682834724873782,0.0,0.0,False,
570,620,1.0525024262090947,0.0,0.0,False,
571,621,1.0505783362376682,0.0,0.0,False,
572,622,1.0408668550349283,0.0,0.0,False,
573,623,1.071089516548306,0.0,0.0,False,
574,624,1.0630554559503902,0.0,0.0,False,
575,625,1.0539133922301303,0.0,0.0,False,
576,626,1.0645062175813744,0.0,0.0,False,
577,627,1.0283695727676636,0.0,0.0,False,
578,628,1.0627485227044746,0.0,0.0,False,
579,629,1.0639437119337385,0.0,0.0,False,
580,630,1.0600508365364882,0.0,0.0,False,
581,631,1.0756436475795759,0.0,0.0,False,
582,632,1.025742946053591,0.0,0.0,False,
583,633,1.0709603332535411,0.0,0.0,False,
584,634,1.0700496204501455,0.0,0.0,False,
585,635,1.019657635526333,0.0,0.0,False,
586,636,1.050478590859602,0.0,0.0,False,
587,637,1.0317712300888322,0.0,0.0,False,
588,638,1.0328559017657832,0.0,0.0,False,
589,639,1.0371275255769004,0.0,0.0,False,
590,640,1.0381471039955532,0.0,0.0,False,
591,641,1.084789166324592,0.0,0.0,False,
592,642,1.0020825876364936,0.0,0.0,False,
593,643,1.0694083652427377,0.0,0.0,False,
594,644,1.0950225764874237,0.0,0.0,False,
595,645,1.109301289520787,0.0,0.0,False,
596,646,1.097487665214415,0.0,0.0,False,
597,647,1.1191639895252379,0.0,0.0,False,
598,648,1.0913822589110256,0.0,0.0,False,
599,649,1.088612185151698,0.0,0.0,False,
600,650,1.0937052766761681,0.0,0.0,False,
601,651,1.036199929582498,0.0,0.0,False,
602,652,1.0048682685187738,0.0,0.0,False,
603,653,1.0703407206104445,0.0,0.0,False,
604,654,1.096835759534556,0.0,0.0,False,
605,655,1.1095322188256191,0.0,0.0,False,
606,656,1.1217865261677984,0.0,0.0,False,
607,657,1.0785045039108323,0.0,0.0,False,
608,658,1.0715420021163684,0.0,0.0,False,
609,659,1.0857324895857128,0.0,0.0,False,
610,660,1.096143485869671,0.0,0.0,False,
611,661,1.1203860581071785,0.0,0.0,False,
612,662,1.104908373553929,0.0,0.0,False,
613,663,1.0943751228232896,0.0,0.0,False,
614,664,1.0934516734898143,0.0,0.0,False,
615,665,1.1065035058073094,0.0,0.0,False,
616,666,1.1196343557270572,0.0,0.0,False,
617,667,1.0071231490540498,0.0,0.0,False,
618,668,1.0069751634236896,0.0,0.0,False,
619,669,1.023638304837004,0.0,0.0,False,
620,670,1.038276479830727,0.0,0.0,False,
621,671,1.0516754116413265,0.0,0.0,False,
622,672,1.0740891366910859,0.0,0.0,False,
623,673,1.0147258737729237,0.0,0.0,False,
624,674,1.0277302659492755,0.0,0.0,False,
625,675,1.0429545957950148,0.0,0.0,False,
626,676,1.0612605693024861,0.0,0.0,False,
627,677,1.1308073569867405,0.0,0.0,False,
628,678,1.119477881528814,0.0,0.0,False,
629,679,1.1053942792223674,0.0,0.0,False,
630,680,1.0897839350948453,0.0,0.0,False,
631,681,1.0277051010272973,0.0,0.0,False,
632,682,1.124439516774758,0.0,0.0,False,
633,683,1.115108969298158,0.0,0.0,False,
634,684,1.1029522361065323,0.0,0.0,False,
635,685,1.0495694781806177,0.0,0.0,False,
636,686,1.0846068010631613,0.0,0.0,False,
637,687,1.0551736577972248,0.0,0.0,False,
638,688,1.0369599332224866,0.0,0.0,False,
639,689,1.0135333862375828,0.0,0.0,False,
640,690,1.022454015977605,0.0,0.0,False,
641,691,1.0046711829152197,0.0,0.0,False,
642,692,1.167232842177788,0.0,0.0,False,
643,693,1.1400731488293165,0.0,0.0,False,
644,694,1.1120088970836983,0.0,0.0,False,
645,695,1.1456993275804324,0.0,0.0,False,
646,696,1.2101929620993004,0.0,0.0,False,
647,697,1.1930112055884163,0.0,0.0,False,
648,698,1.1734053325541758,0.0,0.0,False,
649,699,1.155926226250302,0.0,0.0,False,
650,700,1.1404093299974765,0.0,0.0,False,
651,701,1.257154694889493,0.0,0.0,False,
652,702,1.3289762541061152,0.0,0.0,False,
653,703,1.3043285507806535,0.0,0.0,False,
654,704,1.2849488651364431,0.0,0.0,False,
655,705,1.2860162370106671,0.0,0.0,False,
656,706,1.3067832146830443,0.0,0.0,False,
657,707,1.326889568858018,0.0,0.0,False,
658,708,1.2928223268984398,0.0,0.0,False,
659,709,1.2637397676433442,0.0,0.0,False,
660,710,1.2575457820570053,0.0,0.0,False,
661,711,1.2308400124040604,0.0,0.0,False,
662,712,1.2779246590598428,0.0,0.012676056338028168,False,
663,713,1.2472483364625484,0.0,0.01220657276995305,False,
664,714,1.2246246993755596,0.0,0.01220657276995305,False,
665,715,1.0135970920740123,0.0,0.011737089201877934,False,
666,716,1.0067219137778571,0.0,0.011737089201877934,False,
667,717,1.092202865137672,0.0,0.011267605633802818,False,
668,718,1.067444102315862,0.0,0.011267605633802818,False,
669,719,1.047835504893416,0.0,0.023943661971830985,False,
670,720,1.0404136592482218,0.0,0.012676056338028168,False,
671,721,1.0794540901722465,0.0,0.012676056338028168,False,
672,722,1.0711370628654107,0.0,0.01220657276995305,False,
673,723,1.0722731371126284,0.0,0.012206572769953052,False,
674,724,1.0600552378367671,0.0,0.021126760563380285,False,
675,725,1.0498414749949736,0.0,0.017370892018779345,False,
676,726,1.0351400953484424,0.0,0.007511737089201878,False,
677,727,1.0421410330573055,0.0,0.02582159624413145,False,
678,728,1.0263534718161949,0.0,0.03755868544600939,False,
679,729,1.0588081944519825,0.0,0.018309859154929577,False,
680,730,1.021786565509199,0.0,0.013615023474178404,False,
681,731,1.0013435398082202,0.0,0.006572769953051644,False,
682,732,1.0581292199799912,0.0,0.003286384976525822,False,
683,733,1.055222518356145,0.0,0.0028169014084507044,False,
684,734,1.0844661650369574,0.0,0.0028169014084507044,False,
685,735,1.077108271277713,0.0,0.0,False,
686,736,1.0729316989749924,0.0,0.0,False,
687,737,1.057217804925866,0.0,0.004694835680751174,False,
688,738,1.0510063062977695,0.0,0.004225352112676056,False,
689,739,1.0866777233341722,0.0,0.0,False,
690,740,1.0467887023017515,0.0,0.0,False,
691,741,1.044408137446246,0.0,0.0,False,
692,742,1.0468767641131012,0.0,0.0,False,
693,743,1.0527959683675931,0.0,0.0,False,
694,744,1.1108732183225898,0.0,0.0,False,
695,745,1.1187001331737878,0.0,0.0,False,
696,746,1.057726451063472,0.0,0.0,False,
697,747,1.0579879246518922,0.0,0.00046948356807511736,False,
698,748,1.0604172387702175,0.0,0.0,False,
699,749,1.0462499664925982,0.0,0.0,False,
700,750,1.0108869383312817,0.014084507042253521,0.0,False,
701,751,1.0050239852270388,0.014084507042253521,0.0,False,
702,752,1.0086526986294295,0.014084507042253521,0.0,False,
703,753,1.0035095086108123,0.014084507042253521,0.0,False,
704,754,1.0081078472308282,0.014084507042253521,0.0,False,
705,755,1.0679088319704326,0.014084507042253521,0.0,False,
706,756,1.0943366464401538,0.014084507042253521,0.0,False,
707,757,1.0868431756056498,0.014084507042253521,0.0,False,
708,758,1.0786949562202264,0.014084507042253521,0.0,False,
709,759,1.096235458994984,0.014084507042253521,0.0,False,
710,760,1.1034981043663266,0.014084507042253521,0.0,False,
711,761,1.1320097843186723,0.014084507042253521,0.0,False,
712,762,1.1259176092357284,0.014084507042253521,0.0,False,
713,763,1.1204171132903593,0.014084507042253521,0.0,False,
714,764,1.1206035699698709,0.014084507042253521,0.0,False,
715,765,1.000458673566848,0.014084507042253521,0.0,False,
716,766,1.0308428107240823,0.014084507042253521,0.0,False,
717,767,1.0233028578792733,0.014084507042253521,0.0,False,
718,768,1.0126781954332986,0.014084507042253521,0.0,False,
719,769,1.0101652932835572,0.014084507042253521,0.0,False,
720,770,1.0273291006945173,0.014084507042253521,0.0,False,
721,771,1.1185362076550447,0.014084507042253521,0.0,False,
722,772,1.1043051298908555,0.014084507042253521,0.0,False,
723,773,1.0764840435542338,0.014084507042253521,0.0,False,
724,774,1.0618466476482982,0.014084507042253521,0.0,False,
725,775,1.0533873449357136,0.014084507042253521,0.0,False,
726,776,1.0385909969479936,0.014084507042253521,0.0,False,
727,777,1.0290343683120389,0.014084507042253521,0.0,False,
728,778,1.0221697056059813,0.014084507042253521,0.0,False,
729,779,1.002551724559418,0.014084507042253521,0.0,False,
730,780,1.0263977397992883,0.014084507042253521,0.0,False,
731,781,1.0154619387638717,0.014084507042253521,0.0,False,
732,782,1.0031144184347995,0.014084507042253521,0.0,False,
733,783,1.011832779380959,0.014084507042253521,0.0,False,
734,784,1.0393480021259782,0.014084507042253521,0.0,False,
735,785,1.0450338687225071,0.014084507042253521,0.0,False,
736,786,1.0497088178166811,0.014084507042253521,0.0,False,
737,787,1.0271609182193386,0.014084507042253521,0.0,False,
738,788,1.031383578675343,0.014084507042253521,0.0,False,
739,789,1.0247320944696592,0.014084507042253521,0.0,False,
740,790,1.023050527788074,0.014084507042253521,0.0,False,
741,791,1.020605957285511,0.014084507042253521,0.0,False,
742,792,1.026517469871564,0.028169014084507043,0.0,False,
743,793,1.0362041551733348,0.028169014084507043,0.0,False,
744,794,1.09508636054713,0.028169014084507043,0.0,False,
745,795,1.1188024098134512,0.028169014084507043,0.0,False,
746,796,1.0836322245997203,0.028169014084507043,0.0,False,
747,797,1.0840673382030035,0.028169014084507043,0.0,False,
748,798,1.0723806632321908,0.028169014084507043,0.0,False,
749,799,1.0790612443879801,0.028169014084507043,0.0,False,
750,800,1.1037968277425148,0.028169014084507043,0.0,False,
751,801,1.076379140026953,0.028169014084507043,0.0,False,
752,802,1.0496565095602228,0.028169014084507043,0.0,False,
753,803,1.0224129315209558,0.028169014084507043,0.0,False,
754,804,1.1160693991706123,0.028169014084507043,0.0,False,
755,805,1.1665114597550463,0.028169014084507043,0.0,False,
756,806,1.144310914060707,0.028169014084507043,0.0,False,
757,807,1.0119834038241597,0.028169014084507043,0.0,False,
758,808,1.0685245284901081,0.028169014084507043,0.0,False,
759,809,1.3700026447469231,0.028169014084507043,0.0,False,
760,810,1.220950446565003,0.028169014084507043,0.0,False,
761,811,1.175304056465469,0.028169014084507043,0.0,False,
762,812,1.1388665026763194,0.028169014084507043,0.0,False,
763,813,1.1038322653617307,0.028169014084507043,0.0,False,
764,814,1.1430296026760203,0.028169014084507043,0.0,False,
765,815,1.1363182944797021,0.028169014084507043,0.0,False,
766,816,1.122913701628566,0.028169014084507043,0.0,False,
767,817,1.1125076506239655,0.028169014084507043,0.0,False,
768,818,1.1395571884863673,0.028169014084507043,0.0,False,
769,819,1.1226946276764105,0.028169014084507043,0.0,False,
770,820,1.1032162925714881,0.028169014084507043,0.0,False,
771,821,1.085869915272443,0.028169014084507043,0.0,False,
772,822,1.0665666285253776,0.028169014084507043,0.0,False,
773,823,1.0329792539969198,0.028169014084507043,0.0,False,
774,824,1.0322446734931467,0.028169014084507043,0.0,False,
775,825,1.0025952216354876,0.028169014084507043,0.0,False,
776,826,1.0156691476551056,0.028169014084507043,0.0,False,
777,827,1.034443998031871,0.028169014084507043,0.0,False,
778,828,1.0527635278019525,0.028169014084507043,0.0,False,
779,829,1.0500358138221908,0.028169014084507043,0.0,False,
780,830,1.0363775331019693,0.028169014084507043,0.0,False,
781,831,1.0549624727565563,0.028169014084507043,0.0,False,
782,832,1.073734386877678,0.028169014084507043,0.0,False,
783,833,1.0956632144160796,0.028169014084507043,0.0,False,
784,834,1.1151007633363097,0.028169014084507043,0.0,False,
785,835,1.1345679995371447,0.028169014084507043,0.0,False,
786,836,1.153225810906826,0.028169014084507043,0.0,False,
787,837,1.1756876756956367,0.028169014084507043,0.0,False,
788,838,1.2076501550524577,0.028169014084507043,0.0,False,
789,839,1.1939027293918212,0.028169014084507043,0.0,False,
790,840,1.2108329569603524,0.028169014084507043,0.0,False,
791,841,1.2255145518768253,0.028169014084507043,0.0,False,
792,842,1.2380940177577233,0.028169014084507043,0.0,False,
793,843,1.2501540852429638,0.028169014084507043,0.0,False,
794,844,1.1729347290001786,0.028169014084507043,0.0,False,
795,845,1.121228718226126,0.028169014084507043,0.0,False,
796,846,1.1607095602540418,0.028169014084507043,0.0,False,
797,847,1.1369593024201996,0.014084507042253521,0.0,False,
798,848,1.1596638830730819,0.014084507042253521,0.0,False,
799,849,1.1155421603004392,0.014084507042253521,0.0,False,
800,850,1.1426385790316727,0.014084507042253521,0.0,False,
801,851,1.150939282516268,0.014084507042253521,0.0,False,
802,852,1.126301132075795,0.014084507042253521,0.0,False,
803,853,1.1518551177966176,0.014084507042253521,0.0,False,
804,854,1.054420519859121,0.014084507042253521,0.0,False,
805,855,1.0158532884883724,0.014084507042253521,0.0,False,
806,856,1.0115907499675287,0.014084507042253521,0.0,False,
807,857,1.0187810837408995,0.014084507042253521,0.0,False,
808,858,1.1364210678126647,0.014084507042253521,0.0,False,
809,859,1.0622091161275669,0.014084507042253521,0.0,False,
810,860,1.1260431283318444,0.014084507042253521,0.0,False,
811,861,1.1362089626053806,0.014084507042253521,0.005164319248826292,False,
812,862,1.1451371552420475,0.014084507042253521,0.004694835680751174,False,
813,863,1.2163426403924278,0.014084507042253521,0.004694835680751174,False,
814,864,1.1764075485005299,0.014084507042253521,0.004225352112676056,False,
815,865,1.179496299312362,0.014084507042253521,0.0,False,
816,866,1.1946472739079967,0.014084507042253521,0.0,False,
817,867,1.1689081743432281,0.014084507042253521,0.0,False,
818,868,1.1875939794915757,0.014084507042253521,0.005633802816901409,False,
819,869,1.190068484108718,0.014084507042253521,0.005164319248826292,False,
820,870,1.2404993158706497,0.014084507042253521,0.0,False,
821,871,1.253650807305953,0.014084507042253521,0.0,False,
822,872,1.2419666281571609,0.014084507042253521,0.0,False,
823,873,1.2946520057984419,0.014084507042253521,0.0,False,
824,874,1.2686085315290323,0.014084507042253521,0.0,False,
825,875,1.2718498991288598,0.014084507042253521,0.0,False,
826,876,1.276433059575653,0.014084507042253521,0.0,False,
827,877,1.2196111479319565,0.014084507042253521,0.0,False,
828,878,1.2189654514626476,0.014084507042253521,0.0,False,
829,879,1.2194398247238676,0.014084507042253521,0.0,False,
830,880,1.2260050076351952,0.014084507042253521,0.0,False,
831,881,1.2310875751090373,0.014084507042253521,0.0,False,
832,882,1.2376883737407864,0.0,0.0,False,
833,883,1.2216936793405417,0.0,0.0,False,
834,884,1.208401194519946,0.0,0.0,False,
835,885,1.2155286349891885,0.0,0.0,False,
836,886,1.226961705763432,0.0,0.0,False,
837,887,1.19454464853187,0.0,0.0,False,
838,888,1.1790410181006694,0.0,0.0,False,
839,889,1.203423144998164,0.0,0.0,False,
840,890,1.21667658653153,0.0,0.0,False,
841,891,1.2288679359972943,0.0,0.0,False,
842,892,1.242674728718754,0.0,0.0,False,
843,893,1.2448824220055048,0.0,0.01220657276995305,False,
844,894,1.1877918282599667,0.0,0.011737089201877934,False,
845,895,1.1856403256046228,0.0,0.011737089201877934,False,
846,896,1.2715543226942398,0.0,0.011267605633802818,False,
847,897,1.1590854093016625,0.0,0.006572769953051644,False,
848,898,1.1496305259911095,0.0,0.006103286384976526,False,
849,899,1.1807440643966403,0.0,0.0,False,
850,900,1.2258101045620289,0.0,0.0,False,
851,901,1.233744202313954,0.0,0.0,False,
852,902,1.09076688223983,0.0,0.0,False,
853,903,1.016497108281693,0.0,0.0,False,
854,904,1.0066231064381579,0.0,0.0,False,
855,905,1.021818694340745,0.0,0.0,False,
856,906,1.0316954795003515,0.0,0.0,False,
857,907,1.0030023839754372,0.0,0.0,False,
858,908,1.0627949016927694,0.0,0.0,False,
859,909,1.0636436831313043,0.0,0.0,False,
860,910,1.0580555624230092,0.0,0.004225352112676056,False,
861,911,1.0227399427532766,0.0,0.003755868544600939,False,
862,912,1.065287399792089,0.0,0.003755868544600939,False,
863,913,1.1259124552462825,0.0,0.003286384976525822,False,
864,914,1.106573349455941,0.0,0.0,False,
865,915,1.078197623141752,0.0,0.0,False,
866,916,1.0540290824892828,0.0,0.0,False,
867,917,1.006395966289436,0.0,0.0,False,
868,918,1.147791676358558,0.0,0.0,False,
869,919,1.1269798875153734,0.0,0.0,False,
870,920,1.1036727871050114,0.0,0.0,False,
871,921,1.1200489778983331,0.0,0.0,False,
872,922,1.0347922604781408,0.0,0.0,False,
873,923,1.0769828961135526,0.0,0.0,False,
874,924,1.0790126585255364,0.0,0.0,False,
875,925,1.0838329246816019,0.0,0.0,False,
876,926,1.0896835846313573,0.0,0.0,False,
877,927,1.1019583247571774,0.0,0.0,False,
878,928,1.0711993456055138,0.0,0.0,False,
879,929,1.0779707109319108,0.0,0.0,False,
880,930,1.0864260116335949,0.0,0.0,False,
881,931,1.085768166240514,0.0,0.0,False,
882,932,1.1904449910384582,0.0,0.0,False,
883,933,1.1879813071008452,0.0,0.0,False,
884,934,1.17990811889733,0.0,0.0,False,
885,935,1.202625749742867,0.0,0.0,False,
886,936,1.2124034588837014,0.0,0.0,False,
887,937,1.2367801260193518,0.0,0.0,False,
888,938,1.1976116694231966,0.0,0.0,False,
889,939,1.1899240763460486,0.0,0.0,False,
890,940,1.1735132637034065,0.0,0.0,False,
891,941,1.0118615906100241,0.0,0.0,False,
892,942,1.029629735099432,0.0,0.0,False,
893,943,1.0183841547400851,0.0,0.0,False,
894,944,1.0132336559754562,0.0,0.0,False,
895,945,1.0158203447938126,0.0,0.0,False,
896,946,1.015937736295488,0.0,0.0,False,
897,947,1.0082218242501926,0.0,0.0,False,
898,948,1.0405781476144345,0.0,0.0,False,
899,949,1.0470991145577073,0.0,0.0,False,
900,950,1.0667941837698642,0.0,0.0,False,
901,951,1.1297133432886168,0.0,0.0,False,
902,952,1.1102528050396645,0.0,0.0,False,
903,953,1.1266303049274498,0.0,0.0,False,
904,954,1.1240391498022693,0.0,0.0,False,
905,955,1.095546542410683,0.0,0.0,False,
906,956,1.1039531518268726,0.0,0.0,False,
907,957,1.0668068390153338,0.0,0.0,False,
908,958,1.1494097268570083,0.0,0.0,False,
909,959,1.1422720268432722,0.0,0.0,False,
910,960,1.1036701089288115,0.0,0.0,False,
911,961,1.1259997765392094,0.0,0.0,False,
912,962,1.1087256622745332,0.0,0.0,False,
913,963,1.1655494561599489,0.0,0.0,False,
914,964,1.1690844673150127,0.0,0.0,False,
915,965,1.1554891241257448,0.0,0.0,False,
916,966,1.1624895613622195,0.0,0.0,False,
917,967,1.1568475014238615,0.0,0.0,False,
918,968,1.1911710895426169,0.0,0.0,False,
919,969,1.1900944283298502,0.0,0.0,False,
920,970,1.155311288437669,0.0,0.0,False,
921,971,1.1992291261822685,0.0,0.0,False,
922,972,1.188366915400447,0.0,0.0,False,
923,973,1.1784793810074292,0.0,0.0,False,
924,974,1.1786506397430365,0.0,0.0,False,
925,975,1.1777952482788783,0.0,0.0,False,
926,976,1.1631018056587177,0.0,0.0,False,
927,977,1.1721108947128764,0.0,0.0,False,
928,978,1.1895563653842203,0.0,0.0,False,
929,979,1.1875571469168413,0.0,0.0,False,
930,980,1.1713674307911213,0.0,0.0,False,
931,981,1.1273758478526323,0.0,0.0,False,
932,982,1.0935399445763452,0.0,0.0,False,
933,983,1.0913103304411218,0.0,0.0,False,
934,984,1.0929026609042367,0.0,0.0,False,
935,985,1.0221040143200506,0.0,0.0,False,
936,986,1.0120625557687104,0.0,0.0,False,
937,987,1.0535152785314,0.0,0.0,False,
938,988,1.0582472544276453,0.0,0.0,False,
939,989,1.063033460152988,0.0,0.0,False,
940,990,1.0756455952605295,0.0,0.0,False,
941,991,1.0113304372651661,0.0,0.0,False,
942,992,1.006127982935538,0.0,0.0,False,
943,993,1.0058249383048803,0.0,0.0,False,
944,994,1.0585040654367555,0.0,0.0,False,
945,995,1.023686488192248,0.0,0.0,False,
946,996,1.0938367471572745,0.0,0.0,False,
947,997,1.1473700922031833,0.0,0.0,False,
948,998,1.157245574427738,0.0,0.0,False,
949,999,1.167092504827362,0.0,0.0,False,
950,1000,1.1175526052516187,0.0,0.0,False,
951,1001,1.1024567539322054,0.0,0.0,False,
952,1002,1.1624600610909517,0.0,0.0,False,
953,1003,1.1926781242894027,0.0,0.0,False,
954,1004,1.2174962372654443,0.0,0.0,False,
955,1005,1.1777431855886622,0.0,0.0,False,
956,1006,1.1780573790942812,0.0,0.0,False,
957,1007,1.1741636079263311,0.0,0.0,False,
958,1008,1.1680069915800693,0.0,0.0,False,
959,1009,1.157505271003482,0.0,0.0,False,
960,1010,1.1517950972820274,0.0,0.0,False,
961,1011,1.2157394555764112,0.0,0.0,False,
962,1012,1.2602596233943981,0.0,0.0,False,
963,1013,1.276154834373199,0.0,0.0,False,
964,1014,1.2553016352616226,0.0,0.0,False,
965,1015,1.1590671295138526,0.0,0.0,False,
966,1016,1.1583838023168909,0.0,0.0,False,
967,1017,1.135934869386937,0.0,0.0,False,
968,1018,1.1027319714783246,0.0,0.0,False,
969,1019,1.0759265444136983,0.0,0.0,False,
970,1020,1.0077824123545795,0.0,0.0,False,
971,1021,1.0979846877238018,0.0,0.0,False,
972,1022,1.0931314000834729,0.0,0.0,False,
973,1023,1.074229158025037,0.0,0.0,False,
974,1024,1.058599880331584,0.0,0.0,False,
975,1025,1.0471017069942865,0.0,0.0,False,
976,1026,1.018591663867474,0.0,0.0,False,
977,1027,1.0193293148723843,0.0,0.0,False,
978,1028,1.0018519834415496,0.0,0.0,False,
979,1029,1.0130151644891248,0.0,0.0,False,
980,1030,1.0407472312967196,0.0,0.0,False,
981,1031,1.0390119291534998,0.0,0.0,False,
982,1032,1.0366548649413965,0.0,0.0,False,
983,1033,1.0568275568318621,0.0,0.0,False,
984,1034,1.0794100588537185,0.0,0.0,False,
985,1035,1.1179491264321142,0.0,0.0,False,
986,1036,1.1987344799907302,0.0,0.0,False,
987,1037,1.1362827551113712,0.0,0.0,False,
988,1038,1.1559334546420765,0.0,0.0,False,
989,1039,1.1468256963525603,0.0,0.0,False,
990,1040,1.1388967696078458,0.0,0.0,False,
991,1041,1.166092793802458,0.0,0.0,False,
992,1042,1.1514724870375108,0.0,0.0,False,
993,1043,1.1730655010085442,0.0,0.0,False,
994,1044,1.1556808431409449,0.0,0.0,False,
995,1045,1.1928140864254488,0.0,0.0,False,
996,1046,1.2394307605061696,0.0,0.0,False,
997,1047,1.221974125019802,0.0,0.0,False,
998,1048,1.2426844032954556,0.0,0.0,False,
999,1049,1.2615475514072627,0.0,0.0,False,
1000,1050,1.1573281728977787,0.0,0.0,False,
1001,1051,1.182010385243473,0.0,0.0,False,
1002,1052,1.096139868623101,0.0,0.0,False,
1003,1053,1.0811217889046307,0.0,0.0,False,
1004,1054,1.0481859498965072,0.0,0.0,False,
1005,1055,1.0473579394740107,0.0,0.0,False,
1006,1056,1.0518907146460428,0.0,0.0,False,
1007,1057,1.076689239458744,0.0,0.0,False,
1008,1058,1.1026664394047037,0.0,0.0,False,
1009,1059,1.1295239269364896,0.0,0.0,False,
1010,1060,1.0821806230150828,0.0,0.0,False,
1011,1061,1.116234564485889,0.0,0.0,False,
1012,1062,1.0670074337969104,0.0,0.0,False,
1013,1063,1.0997517342785943,0.0,0.0,False,
1014,1064,1.0989052511684474,0.0,0.0,False,
1015,1065,1.0461594626578188,0.0,0.0,False,
1016,1066,1.0340327624740384,0.0,0.0,False,
1017,1067,1.0214211519038456,0.0,0.0,False,
1018,1068,1.0157429361584684,0.0,0.0,False,
1019,1069,1.0098737808154896,0.0,0.0,False,
1020,1070,1.0179573037553316,0.0,0.0,False,
1021,1071,1.0199043437795463,0.0,0.0,False,
1022,1072,1.0284622207105651,0.0,0.0,False,
1023,1073,1.0375521389264746,0.0,0.0,False,
1024,1074,1.0406842545364234,0.0,0.0,False,
1025,1075,1.0623913518116364,0.0,0.0,False,
1026,1076,1.1957744229069802,0.0,0.0,False,
1027,1077,1.169066024345287,0.0,0.0,False,
1028,1078,1.1710133311576785,0.0,0.0,False,
1029,1079,1.126556455680268,0.0,0.0,False,
1030,1080,1.1152587397011307,0.0,0.0,False,
1031,1081,1.0829729061484525,0.0,0.0,False,
1032,1082,1.0588238302860844,0.0,0.0,False,
1033,1083,1.0436148651829853,0.0,0.0,False,
1034,1084,1.0343756616793685,0.0,0.0,False,
1035,1085,1.040593673685345,0.0,0.0,False,
1036,1086,1.0668677868265057,0.0,0.0,False,
1037,1087,1.0461716274793587,0.0,0.0,False,
1038,1088,1.0448400778008586,0.0,0.0,False,
1039,1089,1.0295277815548112,0.0,0.0,False,
1040,1090,1.0073070997044584,0.0,0.0,False,
1041,1091,1.091261464776262,0.0,0.0,False,
1042,1092,1.0833296020011285,0.0,0.0,False,
1043,1093,1.077290382166772,0.0,0.0,False,
1044,1094,1.058700925146804,0.0,0.0,False,
1045,1095,1.0509187861032385,0.0,0.0,False,
1046,1096,1.1013670558371567,0.0,0.0,False,
1047,1097,1.0750236124259605,0.0,0.0,False,
1048,1098,1.0718305672804307,0.0,0.0,False,
1049,1099,1.0694648556001818,0.0,0.0,False,
1050,1100,1.0310544210060968,0.0,0.0,False,
1051,1101,1.0460214789746178,0.0,0.0,False,
1052,1102,1.0385985098511779,0.0,0.0,False,
1053,1103,1.0324493197666988,0.0,0.0,False,
1054,1104,1.0293769839013396,0.0,0.0,False,
1055,1105,1.022722534458232,0.0,0.0,False,
1056,1106,1.0448750803442441,0.0,0.0,False,
1057,1107,1.0402261876356453,0.0,0.0,False,
1058,1108,1.03462417645268,0.0,0.0,False,
1059,1109,1.0264457247620982,0.0,0.0,False,
1060,1110,1.0075526155381906,0.0,0.0,False,
1061,1111,1.0001601986521014,0.0,0.0,False,
1062,1112,1.0020299107709147,0.0,0.0,False,
1063,1113,1.0102059115015223,0.0,0.0,False,
1064,1114,1.03186038989383,0.0,0.0,False,
1065,1115,1.054478661520162,0.0,0.0,False,
1066,1116,1.0664552739833537,0.0,0.0,False,
1067,1117,1.09481508774934,0.0,0.0,False,
1068,1118,1.10131819430432,0.0,0.0,False,
1069,1119,1.1195197889038837,0.0,0.0,False,
1070,1120,1.1852294053110908,0.0,0.0,False,
1071,1121,1.085788601296412,0.0,0.0,False,
1072,1122,1.090491134535909,0.0,0.0,False,
1073,1123,1.0964159758807948,0.0,0.0,False,
1074,1124,1.1154014588542833,0.0,0.0,False,
1075,1125,1.1125730102077471,0.0,0.0,False,
1076,1126,1.0859479642469871,0.0,0.0,False,
1077,1127,1.0851531805435815,0.0,0.0,False,
1078,1128,1.0894437233696455,0.0,0.0,False,
1079,1129,1.1109569436532223,0.0,0.0,False,
1080,1130,1.1047478241802036,0.0,0.0,False,
1081,1131,1.1403293823376355,0.0,0.0,False,
1082,1132,1.12685824600146,0.0,0.0,False,
1083,1133,1.1348020316809868,0.0,0.0,False,
1084,1134,1.17334948955892,0.0,0.0,False,
1085,1135,1.0620479529790354,0.0,0.0,False,
1086,1136,1.050869812825559,0.0,0.0,False,
1087,1137,1.0932695803202213,0.0,0.0,False,
1088,1138,1.1026256323549126,0.0,0.0,False,
1089,1139,1.1326435954095333,0.0,0.0,False,
1090,1140,1.178771613758016,0.0,0.0,False,
1091,1141,1.168851531775512,0.0,0.0,False,
1092,1142,1.1529673788962873,0.0,0.0,False,
1093,1143,1.1726806812431034,0.0,0.0,False,
1094,1144,1.029121447557174,0.0,0.0,False,
1095,1145,1.0029219697321197,0.0,0.0,False,
1096,1146,1.0065567025032136,0.0,0.0,False,
1097,1147,1.0666719114217622,0.0,0.0,False,
1098,1148,1.0743491595211627,0.0,0.0,False,
1099,1149,1.0811716106793705,0.0,0.0,False,
1100,1150,1.1404591941866093,0.0,0.0,False,
1101,1151,1.1219258172706683,0.0,0.0,False,
1102,1152,1.1247945657313747,0.0,0.0,False,
1103,1153,1.1355630607706662,0.0,0.0,False,
1104,1154,1.135616592198599,0.0,0.0,False,
1105,1155,1.0275025930498327,0.0,0.0,False,
1106,1156,1.0200648720748693,0.0,0.0,False,
1107,1157,1.0290141541136542,0.0,0.0,False,
1108,1158,1.0278871126124611,0.0,0.0,False,
1109,1159,1.0127866580063085,0.0,0.0,False,
1110,1160,1.0072646121264692,0.0,0.0,False,
1111,1161,1.0365977743365995,0.0,0.0,False,
1112,1162,1.088948863646246,0.0,0.0,False,
1113,1163,1.079290303794428,0.0,0.0,False,
1114,1164,1.0829919890562676,0.0,0.0,False,
1115,1165,1.1256362441039192,0.0,0.0,False,
1116,1166,1.095363946684948,0.0,0.0,False,
1117,1167,1.155808929570995,0.0,0.0,False,
1118,1168,1.155424282224187,0.0,0.0,False,
1119,1169,1.2066591622915537,0.0,0.0,False,
1120,1170,1.2170637436519864,0.0,0.0,False,
1121,1171,1.1984564609229893,0.0,0.0,False,
1122,1172,1.2308549676542118,0.0,0.0,False,
1123,1173,1.2722131400511123,0.0,0.0,False,
1124,1174,1.2689246522134978,0.0,0.0,False,
1125,1175,1.2836286304279587,0.0,0.0,False,
1126,1176,1.2198761631722264,0.0,0.0,False,
1127,1177,1.130823040654215,0.0,0.0,False,
1128,1178,1.123542768120965,0.0,0.013145539906103284,False,
1129,1179,1.126973971471463,0.0,0.012676056338028168,False,
1130,1180,1.0933538187374106,0.0,0.0,False,
1131,1181,1.1218150327672276,0.0,0.0,False,
1132,1182,1.087982909618269,0.0,0.0,False,
1133,1183,1.0478446897533369,0.0,0.0,False,
1134,1184,1.0539115736355777,0.0,0.0,False,
1135,1185,1.0317247630153554,0.0,0.0,False,
1136,1186,1.0881183354850816,0.0,0.0,False,
1137,1187,1.0035794101631066,0.0,0.009859154929577464,False,
1138,1188,1.048125219136327,0.0,0.009389671361502348,False,
1139,1189,1.0417195943826423,0.0,0.0,False,
1140,1190,1.0531080076736994,0.0,0.0,False,
1141,1191,1.0126261466347999,0.0,0.0,False,
1142,1192,1.0807730177286248,0.0,0.0,False,
1143,1193,1.1012488389863713,0.0,0.0,False,
1144,1194,1.1047995677763873,0.0,0.0,False,
1145,1195,1.1401965031483647,0.0,0.0,False,
1146,1196,1.1404025788811998,0.0,0.0,False,
1147,1197,1.0459550793112589,0.0,0.0,False,
1148,1198,1.013787240418921,0.0,0.0,False,
1149,1199,1.02641902693373,0.0,0.0,False,
1150,1200,1.111400331178002,0.0,0.0,False,
1151,1201,1.0667228578745516,0.0,0.0,False,
1152,1202,1.1065549844254434,0.0,0.0,False,
1153,1203,1.0045169100840594,0.0,0.0,False,
1154,1204,1.00996224765968,0.0,0.0,False,
1155,1205,1.026237719170831,0.0,0.0,False,
1156,1206,1.0333615358916144,0.0,0.0,False,
1157,1207,1.1075981214903474,0.0,0.004694835680751174,False,
1158,1208,1.1190539264572439,0.0,0.004225352112676056,False,
1159,1209,1.0977024881832265,0.0,0.0,False,
1160,1210,1.0924804397625465,0.0,0.0,False,
1161,1211,1.064894229193541,0.0,0.0,False,
1162,1212,1.1071577007940445,0.0,0.0,False,
1163,1213,1.0660199178189764,0.0,0.0,False,
1164,1214,1.0659708234889151,0.0,0.0,False,
1165,1215,1.0664862955438301,0.0,0.0,False,
1166,1216,1.0673903652155023,0.0,0.0,False,
1167,1217,1.0934645640907026,0.0,0.0,False,
1168,1218,1.11068164314242,0.0,0.0,False,
1169,1219,1.0890023025030944,0.0,0.0,False,
1170,1220,1.0919001806371214,0.0,0.0,False,
1171,1221,1.0932287728450008,0.0,0.0,False,
1172,1222,1.1273820568299104,0.0,0.0,False,
1173,1223,1.0952752367911518,0.0,0.0,False,
1174,1224,1.0883922938443003,0.0,0.0,False,
1175,1225,1.079839945866323,0.0,0.0,False,
1176,1226,1.058814191687767,0.0,0.0,False,
1177,1227,1.130239290658373,0.0,0.0,False,
1178,1228,1.0359192355070699,0.0,0.0,False,
1179,1229,1.0293849926946577,0.0,0.0,False,
1180,1230,1.0235833997644233,0.0,0.0,False,
1181,1231,1.019218665432855,0.0,0.0,False,
1182,1232,1.065606663305693,0.0,0.0,False,
1183,1233,1.1204466981333054,0.0,0.0,False,
1184,1234,1.1158545724447133,0.0,0.0,False,
1185,1235,1.1094198542494567,0.0,0.0,False,
1186,1236,1.0946569301186861,0.0,0.0,False,
1187,1237,1.1333779151859873,0.0,0.0,False,
1188,1238,1.0565348233494807,0.0,0.0,False,
1189,1239,1.0465517953585064,0.0,0.0,False,
1190,1240,1.033290113993671,0.0,0.0,False,
1191,1241,1.0369898543104121,0.0,0.0,False,
1192,1242,1.0169175785349598,0.0,0.0,False,
1193,1243,1.0804086043028254,0.0,0.0,False,
1194,1244,1.0885901790897057,0.0,0.0,False,
1195,1245,1.098381878670767,0.0,0.0,False,
1196,1246,1.1456077197835026,0.0,0.0,False,
1197,1247,1.119157691882215,0.0,0.0,False,
1198,1248,1.1416327582847172,0.0,0.0,False,
1199,1249,1.1540913033189015,0.0,0.0,False,
1200,1250,1.1593942414315104,0.0,0.0,False,
1201,1251,1.1722518955320718,0.0,0.0,False,
1202,1252,1.1453307878545416,0.0,0.0,False,
1203,1253,1.1982538021566547,0.0,0.0,False,
1204,1254,1.202417016073075,0.0,0.0,False,
1205,1255,1.208504078501178,0.0,0.0,False,
1206,1256,1.2344431596144134,0.0,0.0,False,
1207,1257,1.1329326216063507,0.0,0.0,False,
1208,1258,1.1133227075038832,0.0,0.0,False,
1209,1259,1.1272675841782174,0.0,0.0,False,
1210,1260,1.1400433628002093,0.0,0.0,False,
1211,1261,1.2105262668677157,0.0,0.0,False,
1212,1262,1.1027705842639088,0.0,0.0,False,
1213,1263,1.193222316406411,0.0,0.0,False,
1214,1264,1.1898908057272888,0.0,0.0,False,
1215,1265,1.1895826763213686,0.0,0.0,False,
1216,1266,1.2325718564500887,0.0,0.0,False,
1217,1267,1.1601765224980536,0.0,0.0,False,
1218,1268,1.0969804456730774,0.0,0.0,False,
1219,1269,1.1071615828372923,0.0,0.0,False,
1220,1270,1.1041178300182244,0.0,0.0,False,
1221,1271,1.1124448562415026,0.0,0.0,False,
1222,1272,1.1507287880394204,0.0,0.0,False,
1223,1273,1.1315015605920027,0.0,0.0,False,
1224,1274,1.1074575050783715,0.0,0.0,False,
1225,1275,1.101466817106153,0.0,0.0,False,
1226,1276,1.133946175620998,0.0,0.0,False,
1227,1277,1.0932776597235772,0.0,0.0,False,
1228,1278,1.095401714577175,0.0,0.0,False,
1229,1279,1.0850449689925765,0.0,0.0,False,
1230,1280,1.074479989307857,0.0,0.0,False,
1231,1281,1.0520337923524754,0.0,0.0,False,
1232,1282,1.021317313304638,0.0,0.0,False,
1233,1283,1.08612263793126,0.0,0.0,False,
1234,1284,1.1174689012745496,0.0,0.0,False,
1235,1285,1.131838654862897,0.0,0.0,False,
1236,1286,1.1055521253095375,0.0,0.0,False,
1237,1287,1.2466357085249309,0.0,0.0,False,
1238,1288,1.2456031733525579,0.0,0.0,False,
1239,1289,1.2534216042859505,0.0,0.0,False,
1240,1290,1.258306390514194,0.0,0.0,False,
1241,1291,1.2944101980014058,0.0,0.0,False,
1242,1292,1.285226894383016,0.0,0.0,False,
1243,1293,1.2537310791958252,0.0,0.0,False,
1244,1294,1.2686039346799853,0.0,0.0,False,
1245,1295,1.2736608333525816,0.0,0.0,False,
1246,1296,1.2366440531278675,0.0,0.0,False,
1247,1297,1.2833590079628427,0.0,0.0,False,
1248,1298,1.2855200641846205,0.0,0.0,False,
1249,1299,1.2887841597531575,0.0,0.0,False,
1250,1300,1.297663565058592,0.0,0.0,False,
1251,1301,1.2981358257321116,0.0,0.0,False,
1252,1302,1.2313398355695004,0.0,0.0,False,
1253,1303,1.1557369517654206,0.0,0.0,False,
1254,1304,1.165958455107954,0.0,0.0,False,
1255,1305,1.1982278604333518,0.0,0.0,False,
1256,1306,1.161539205721713,0.0,0.0,False,
1257,1307,1.1229306882195689,0.0,0.0,False,
1258,1308,1.171678134510675,0.0,0.0,False,
1259,1309,1.1867124399794777,0.0,0.011267605633802818,False,
1260,1310,1.1905066335258798,0.0,0.020187793427230045,False,
1261,1311,1.0923434554370244,0.0,0.019718309859154928,False,
1262,1312,1.0470340273936058,0.0,0.010328638497652583,False,
1263,1313,1.0048495917131386,0.0,0.0,False,
1264,1314,1.0165327919108504,0.0,0.0,False,
1265,1315,1.0484866067261793,0.0,0.0,False,
1266,1316,1.0271609540788647,0.0,0.0,False,
1267,1317,1.0024797907495528,0.0,0.0,False,
1268,1318,1.031511411726304,0.0,0.0,False,
1269,1319,1.042645410282759,0.0,0.0,False,
1270,1320,1.0562138610902798,0.0,0.0,False,
1271,1321,1.1840793951427724,0.0,0.0,False,
1272,1322,1.0456868572292366,0.0,0.0,False,
1273,1323,1.008104987316643,0.0,0.0,False,
1274,1324,1.026506522606625,0.0,0.0,False,
1275,1325,1.0290430383497946,0.0,0.0,False,
1276,1326,1.0284570424963282,0.0,0.0,False,
1277,1327,1.0076516361441885,0.0,0.0,False,
1278,1328,1.0041563103866769,0.0,0.0,False,
1279,1329,1.0055737378955032,0.0,0.0,False,
1280,1330,1.0068825057017692,0.0,0.0,False,
1281,1331,1.0109801863143688,0.0,0.0,False,
1282,1332,1.0080943250543917,0.0,0.0,False,
1283,1333,1.0029271185350757,0.0,0.0,False,
1284,1334,1.0053636644912718,0.0,0.0,False,
1285,1335,1.007911181795131,0.0,0.0,False,
1286,1336,1.0108653340218423,0.0,0.0,False,
1287,1337,1.02787980982132,0.0,0.0,False,
1288,1338,1.0399186480542715,0.0,0.0,False,
1289,1339,1.042761429769591,0.0,0.0,False,
1290,1340,1.045695196497647,0.0,0.0,False,
1291,1341,1.01905010784776,0.0,0.0,False,
1292,1342,1.0170721753052332,0.0,0.0,False,
1293,1343,1.0259411031090793,0.0,0.0,False,
1294,1344,1.0433090463821628,0.0,0.0,False,
1295,1345,1.0526332884822334,0.0,0.0,False,
1296,1346,1.0437761395692635,0.0,0.0,False,
1297,1347,1.0398569273409455,0.0,0.0,False,
1298,1348,1.0416423057222697,0.0,0.0,False,
1299,1349,1.0507945645373182,0.0,0.0,False,
1300,1350,1.0379630298613942,0.0,0.0,False,
1301,1351,1.0016347226296727,0.0,0.0,False,
1302,1352,1.0178349655672811,0.0,0.0,False,
1303,1353,1.0233428998598226,0.0,0.0,False,
