"","temperature","detected_value_rt","detected_offline"
"1",22.3049,0,0
"2",22.300836119403,0,0
"3",22.3022634586466,0,0
"4",22.3018116176471,0,0
"5",22.3335519402985,0,0
"6",22.3463429292929,0,0
"7",22.34105,0,0
"8",22.326417761194,0,0
"9",22.3368655223881,0,0
"10",22.3071062626263,0,0
"11",22.31948,0,0
"12",22.332978,0,0
"13",22.3422460606061,0,0
"14",22.32414,0,0
"15",22.3522907070707,0,0
"16",22.33522,0,0
"17",22.3330988059701,0,0
"18",22.3452387969925,0,0
"19",22.3404601,0,0
"20",22.3404641,0,0
"21",22.3395477,0,0
"22",22.3067442647059,0,0
"23",22.3155213533835,0,0
"24",22.32298,0,0
"25",22.3393,0,0
"26",22.3306366336634,0,0
"27",22.3495976,0,0
"28",22.352173030303,0,0
"29",22.34687,0,0
"30",22.3237808910891,0,0
"31",22.3289119191919,0,0
"32",22.31772,0,0
"33",22.3408904511278,0,0
"34",22.3386517,0,0
"35",22.3327975757576,0,0
"36",22.3248573529412,0,0
"37",22.3283469924812,0,0
"38",22.3251817,0,0
"39",22.3126899,0,0
"40",22.3334405050505,0,0
"41",22.3306188235294,0,0
"42",22.3384041353383,0,0
"43",22.3544658,0,0
"44",22.3549525,0,0
"45",22.3463548484849,0,0
"46",22.3532317910448,0,0
"47",22.3596057894737,0,0
"48",22.3301086138614,0,0
"49",22.3369349,0,0
"50",22.3336233,0,0
"51",22.3496941791045,0,0
"52",22.3397961654135,0,0
"53",22.3294477227723,0,0
"54",22.33522,0,0
"55",22.3352465151515,0,0
"56",22.337122631579,0,0
"57",22.3374692079208,0,0
"58",22.333305050505,0,0
"59",22.3171746534653,0,0
"60",22.3188204477612,0,0
"61",22.3158686466165,0,0
"62",22.3206517,0,0
"63",22.3216175,0,0
"64",22.3027758,0,0
"65",22.324405,0,0
"66",22.3453115789474,0,0
"67",22.3558416,0,0
"68",22.3663386,0,0
"69",22.3483034,0,0
"70",22.3326829850746,0,0
"71",22.3396063157895,0,0
"72",22.3243266,0,0
"73",22.33333,0,0
"74",22.3272862,0,0
"75",22.3670710447761,0,0
"76",22.3544510526316,0.0208333333333333,0
"77",22.3382816,0.0208333333333333,0
"78",22.3464256435644,0.0208333333333333,0
"79",22.3816227,0.0208333333333333,0
"80",22.3589546268657,0.0208333333333333,0
"81",22.3478428,0.03125,0
"82",22.3465719402985,0.0416666666666667,0
"83",22.3289766666667,0.0520833333333333,0
"84",22.3459015942029,0.0520833333333333,0
"85",22.33595,0.0520833333333333,0
"86",22.3449376,0.0520833333333333,0
"87",22.3262553731343,0.0520833333333333,0
"88",22.3461979699248,0.0520833333333333,0
"89",22.3341370149254,0.0520833333333333,0
"90",22.3462888721805,0.0520833333333333,0
"91",22.3647226,0.0520833333333333,0
"92",22.3424808080808,0.0520833333333333,0
"93",22.3688553535354,0.0520833333333333,0
"94",22.3611570149254,0.0520833333333333,0
"95",22.3643714851485,0.0520833333333333,0
"96",22.3501349253731,0.0520833333333333,0
"97",22.3246442,0.0520833333333333,0
"98",22.3173149,0.0520833333333333,0
"99",22.3349605970149,0.0520833333333333,0
"100",22.3472446616541,0.0520833333333333,0
"101",22.3195383,0.0520833333333333,0
"102",22.3253335353535,0.125,0
"103",22.3283278,0.125,0
"104",22.3618181818182,0.125,0
"105",22.3613494736842,0.125,0
"106",22.3793884158416,0.125,0
"107",22.4131453535354,0.125,0
"108",22.4043116831683,0.125,0
"109",22.3772262686567,0.114583333333333,0
"110",22.3978878947368,0.114583333333333,0
"111",22.3988432,0.104166666666667,0
"112",22.4028156,0.104166666666667,0
"113",22.3741912,0.09375,0
"114",22.3983084848485,0.0833333333333333,0
"115",22.388597443609,0.0625,0
"116",22.4003251,0.0416666666666667,0
"117",22.3945476,0.0416666666666667,0
"118",22.391499,0.0208333333333333,0
"119",22.4207355882353,0.0208333333333333,0
"120",22.4092636842105,0.0208333333333333,0
"121",22.3865216,-0.0416666666666667,0
"122",22.3872182,-0.0416666666666667,0
"123",22.3937214,-0.0416666666666667,0
"124",22.4041463636364,-0.0416666666666667,0
"125",22.3920083458647,-0.0625,0
"126",22.3952357,-0.0729166666666667,0
"127",22.3751632,-0.0833333333333333,0
"128",22.3471772727273,-0.09375,0
"129",22.3368952941176,-0.09375,0
"130",22.3258206015038,-0.09375,0
"131",22.3482653,-0.0833333333333333,0
"132",22.3185423,-0.0833333333333333,0
"133",22.3452181818182,-0.0833333333333333,0
"134",22.348736119403,-0.0625,0
"135",22.3550335820896,-0.0625,0
"136",22.3430248514851,-0.0625,0
"137",22.3500204,-0.0625,0
"138",22.332347979798,-0.0625,0
"139",22.3060340298507,-0.0625,0
"140",22.3124255639098,-0.0625,0
"141",22.33051,-0.0520833333333333,0
"142",22.3108924,-0.0416666666666667,0
"143",22.3353436363636,-0.0416666666666667,0
"144",22.3404317647059,-0.03125,0
"145",22.362957443609,-0.03125,0
"146",22.3746176237624,-0.03125,0
"147",22.3662406060606,-0.03125,0
"148",22.3436627,-0.0208333333333333,0
"149",22.3342622727273,-0.0208333333333333,0
"150",22.3443951879699,-0.0208333333333333,0
"151",22.3593275247525,-0.0208333333333333,0
"152",22.3635121212121,-0.0208333333333333,0
"153",22.3373128,-0.0208333333333333,0
"154",22.3583776119403,-0.0208333333333333,0
"155",22.3373886466165,-0.0208333333333333,0
"156",22.3372964,-0.0208333333333333,0
"157",22.34499,-0.0208333333333333,0
"158",22.3421428,-0.0208333333333333,0
"159",22.3544852238806,-0.0208333333333333,0
"160",22.3603896992481,-0.0104166666666667,0
"161",22.3734076,0,0
"162",22.3526864,0,0
"163",22.35219,0,0
"164",22.35363,0,0
"165",22.3506288,-0.0104166666666667,0
"166",22.351023880597,-0.0208333333333333,0
"167",22.3481334,-0.0208333333333333,0
"168",22.3527914,-0.0208333333333333,0
"169",22.3563626865672,-0.0208333333333333,0
"170",22.3353784090909,-0.0208333333333333,0
"171",22.3146699,-0.0208333333333333,0
"172",22.3102276,-0.0208333333333333,0
"173",22.313165,-0.0208333333333333,0
"174",22.3166907462687,-0.0208333333333333,0
"175",22.3224763909774,-0.0208333333333333,0
"176",22.3297628,-0.0208333333333333,0
"177",22.3045899,-0.0208333333333333,0
"178",22.3140993939394,-0.0208333333333333,0
"179",22.3280111764706,-0.0208333333333333,0
"180",22.3123909022556,-0.0208333333333333,0
"181",22.30452,-0.0208333333333333,0
"182",22.3109776,0,0
"183",22.3008133333333,0.0208333333333333,0
"184",22.3198911764706,0.0208333333333333,0
"185",22.3255253383459,0.0208333333333333,0
"186",22.3226299,0.0520833333333333,0
"187",22.3104485074627,0.0520833333333333,0
"188",22.295540075188,0.0520833333333333,0
"189",22.3051476470588,0.0625,0
"190",22.328351969697,0.0625,0
"191",22.3772072277228,0.0625,0
"192",22.377404949495,0.0625,0
"193",22.3600533333333,0.0625,0
"194",22.3711164179104,0.0625,0
"195",22.3677668421053,0.0520833333333333,0
"196",22.3685452475248,0.0520833333333333,0
"197",22.3567721212121,0.0520833333333333,0
"198",22.3564079207921,0.03125,0
"199",22.3612932835821,0.0208333333333333,0
"200",22.35795,0.0367063492063492,0
"201",22.3582963366337,0.0386904761904762,0
"202",22.3697748484848,0.029265873015873,0
"203",22.3774901,0.0376984126984127,0
"204",22.3681270149254,0.0540674603174603,0
"205",22.3847774,0.0500992063492064,0
"206",22.3853751,0.0421626984126984,0
"207",22.3856532,0.0466269841269841,0
"208",22.3571408955224,0.0555555555555556,0
"209",22.3217490909091,0.0520833333333333,0
"210",22.2726334328358,0.0426587301587302,0
"211",22.2552447014925,0.0496031746031746,0
"212",22.2407496,0.0257936507936508,0
"213",22.2233097014925,-0.00396825396825396,0
"214",22.2365553731343,-0.0282738095238095,0
"215",22.2327274747475,-0.0481150793650794,0
"216",22.2126498,-0.11656746031746,0
"217",22.2104325,-0.129960317460317,0
"218",22.2118949253731,-0.137400793650794,0
"219",22.2075154545455,-0.155257936507937,0
"220",22.20914,-0.200892857142857,0
"221",22.20725,-0.217261904761905,0
"222",22.20207,-0.22172619047619,0
"223",22.19979,-0.216765873015873,0
"224",22.2210230075188,-0.242063492063492,0
"225",22.2318643564356,-0.257440476190476,0
"226",22.2282371,-0.247519841269841,0
"227",22.2018751,-0.24156746031746,0
"228",22.2100350746269,-0.269345238095238,0
"229",22.2183657894737,-0.261904761904762,0
"230",22.2290151515152,-0.256944444444444,0
"231",22.2835304950495,-0.24702380952381,0
"232",22.2752593939394,-0.234126984126984,0
"233",22.2973882352941,-0.222222222222222,0
"234",22.2953212030075,-0.209821428571429,0
"235",22.2889511940298,-0.19047619047619,0
"236",22.3300897014925,-0.169642857142857,0
"237",22.3178369387755,-0.162202380952381,0
"238",22.3234505882353,-0.123511904761905,0
"239",22.3284345454545,-0.0758928571428571,0
"240",22.3209636,-0.0277777777777778,0
"241",22.3146,-0.0138888888888889,0
"242",22.3106436363636,-0.0262896825396825,0
"243",22.3358226470588,-0.0109126984126984,0
"244",22.3264283,0.0396825396825397,0
"245",22.3222298507463,0.0654761904761905,0
"246",22.3218274,0.0887896825396825,0
"247",22.3212942424242,0.0793650793650794,0
"248",22.2864043283582,0.0907738095238095,0
"249",22.2859034586466,0.0932539682539683,0
"250",22.2778768,0.0763888888888889,0
"251",22.2900805970149,0.0734126984126984,0
"252",22.330029924812,0.0694444444444444,0
"253",22.3241047761194,0.058531746031746,0
"254",22.3214597761194,0.0515873015873016,0
"255",22.31598,0.0550595238095238,0
"256",22.316345050505,0.0734126984126984,0
"257",22.3332548484848,0.0620039682539683,0
"258",22.3086458208955,0.0739087301587301,0
"259",22.3226195488722,0.0689484126984127,0
"260",22.3245082828283,0.0902777777777778,0
"261",22.319567,0.0882936507936508,0
"262",22.3215115,0.100694444444444,0
"263",22.3277895522388,0.0873015873015873,0
"264",22.3349628571429,0.0758928571428572,0
"265",22.3285705,0.0813492063492063,0
"266",22.3036125,0.0724206349206349,0
"267",22.334047,0.0580357142857143,0
"268",22.3212297014925,0.0575396825396825,0
"269",22.3068128571429,0.0535714285714286,0
"270",22.324079,0.0555555555555556,0
"271",22.310325,0.0446428571428571,0
"272",22.282266,0.0277777777777778,0
"273",22.313672238806,0.0238095238095238,0
"274",22.2616457142857,0.0223214285714286,0
"275",22.258227,0.0243055555555556,0
"276",22.280021,0.0461309523809524,0
"277",22.272324,0.0431547619047619,0
"278",22.2629426470588,0.0560515873015873,0
"279",22.2680257142857,0.0491071428571429,0
"280",22.2797496,0.0282738095238095,0
"281",22.2776420895522,0.0248015873015873,0
"282",22.2752802255639,0.0486111111111111,0
"283",22.2853941791045,0.0446428571428571,0
"284",22.2759633834586,0.0545634920634921,0
"285",22.2856954901961,0.0496031746031746,0
"286",22.2860794949495,0.0391865079365079,0
"287",22.2517106060606,0.0342261904761905,0
"288",22.2852382352941,0.025297619047619,0
"289",22.2808781818182,0.0213293650793651,0
"290",22.285758989899,0.0243055555555556,0
"291",22.261202,0.0143849206349206,0
"292",22.2746373737374,-0.00148809523809524,0
"293",22.3009805970149,-0.00496031746031746,0
"294",22.3398214285714,-0.00843253968253968,0
"295",22.3580028358209,-0.00843253968253968,0
"296",22.3639679850746,0.000992063492063487,0
"297",22.37719,0.0173611111111111,0
"298",22.3784071641791,0.0183531746031746,0
"299",22.3836771428571,0.0267857142857143,0
"300",22.359965,0.0421626984126984,0
"301",22.3763144444444,0.0277777777777778,0
"302",22.3830963366337,0.0302579365079365,0
"303",22.4012202985075,0.0500992063492064,0
"304",22.3769314285714,0.0773809523809524,0
"305",22.365906,0.0828373015873016,0
"306",22.3637873529412,0.0962301587301587,0
"307",22.3821993984962,0.0793650793650794,0
"308",22.3719551515152,0.068452380952381,0
"309",22.3603685714286,0.0689484126984127,0
"310",22.3531735,0.0610119047619048,0
"311",22.3511660606061,0.0669642857142857,0
"312",22.3554246,0.0808531746031746,0
"313",22.359518358209,0.0783730158730159,0
"314",22.333384887218,0.068452380952381,0
"315",22.3178698,0.0634920634920635,0
"316",22.3183104,0.0719246031746032,0
"317",22.2914598,0.0555555555555556,0
"318",22.3006932352941,0.0515873015873016,0
"319",22.30498,0.0406746031746032,0
"320",22.303934,0.0248015873015873,0
"321",22.3072035643564,0.0193452380952381,0
"322",22.2956304,0.0148809523809524,0
"323",22.2966478787879,0.00942460317460318,0
"324",22.2966458,-0.00496031746031746,0
"325",22.3128147761194,-0.000992063492063493,0
"326",22.3107065656566,-0.0114087301587302,0
"327",22.31015,-0.00545634920634921,0
"328",22.3116073529412,-0.0143849206349206,0
"329",22.3325824242424,-0.0143849206349206,0
"330",22.3395235,-0.0183531746031746,0
"331",22.3427355,-0.0223214285714286,0
"332",22.3208543434343,-0.00942460317460317,0
"333",22.3457829850746,-0.000992063492063492,0
"334",22.3317020454545,0.00595238095238095,0
"335",22.3252051485149,0.00545634920634921,0
"336",22.3329092,0.00297619047619048,0
"337",22.3517872727273,-0.0064484126984127,0
"338",22.35226,-0.00446428571428571,0
"339",22.3241854545455,0.000992063492063492,0
"340",22.3289583168317,0,0
"341",22.35445,0,0
"342",22.3527190909091,-0.00198412698412698,0
"343",22.3288132835821,-0.00148809523809524,0
"344",22.3487927722772,-0.0218253968253968,0
"345",22.3393532089552,-0.0163690476190476,0
"346",22.3333058585859,0.00248015873015873,0
"347",22.2964188118812,0.00843253968253968,0
"348",22.2821932835821,0.0173611111111111,0
"349",22.2798742424242,0.0168650793650794,0
"350",22.2737111881188,0.0128968253968254,0
"351",22.2868608080808,0.0168650793650794,0
"352",22.2676398,0.0208333333333333,0
"353",22.2955663636364,0.000496031746031746,0
"354",22.2839405263158,-0.0143849206349206,0
"355",22.2700719,-0.0228174603174603,0
"356",22.2654256,-0.0262896825396825,0
"357",22.2743006,-0.0367063492063492,0
"358",22.2555544776119,-0.0302579365079365,0
"359",22.2597552631579,-0.0287698412698413,0
"360",22.2633018,-0.0431547619047619,0
"361",22.2457169,-0.0248015873015873,0
"362",22.2506319,-0.0213293650793651,0
"363",22.2595098507463,-0.0342261904761905,0
"364",22.2794243609023,-0.0327380952380952,0
"365",22.2953685148515,-0.035218253968254,0
"366",22.2329506,-0.0248015873015873,0
"367",22.2764998,-0.00892857142857143,0
"368",22.2889720588235,-0.0133928571428571,0
"369",22.2958957142857,-0.0218253968253968,0
"370",22.3026781818182,-0.0109126984126984,0
"371",22.3045496,-0.00793650793650794,0
"372",22.2996204,-0.0064484126984127,0.0104166666666667
"373",22.3071982089552,-0.0064484126984127,0.0104166666666667
"374",22.2944629545455,-0.0183531746031746,0.0104166666666667
"375",22.2951487,-0.0148809523809524,0.0104166666666667
"376",22.3191294,-0.0198412698412698,0.0104166666666667
"377",22.2994312121212,-0.0317460317460318,0.0208333333333333
"378",22.3032123529412,-0.0287698412698413,0.03125
"379",22.3021709774436,-0.0158730158730159,0.0416666666666667
"380",22.3197792079208,-0.00297619047619048,0.0416666666666667
"381",22.3307054,0.00198412698412698,0.0416666666666667
"382",22.3150221212121,-0.000496031746031746,0.0520833333333333
"383",22.3183089705882,0,0.0520833333333333
"384",22.31882,-0.00496031746031746,0.0520833333333333
"385",22.3181413,-0.00446428571428571,0.0520833333333333
"386",22.2939562,-0.00396825396825397,0.0520833333333333
"387",22.3131243434343,-0.00396825396825397,0.0729166666666667
"388",22.3354380597015,0,0.0729166666666667
"389",22.317487518797,0,0.0729166666666667
"390",22.30256,0.000496031746031746,0.0833333333333333
"391",22.3123724626866,0.000496031746031746,0.104166666666667
"392",22.3350794,0,0.104166666666667
"393",22.3419631343284,0,0.104166666666667
"394",22.34979,0,0.104166666666667
"395",22.3505243,0,0.114583333333333
"396",22.3612281818182,0,0.135416666666667
"397",22.3714276470588,0,0.145833333333333
"398",22.353292,-0.00148809523809524,0.145833333333333
"399",22.354694887218,-0.000992063492063492,0.145833333333333
"400",22.3651716,0.0193452380952381,0.177083333333333
"401",22.4112717,0.0188492063492063,0.197916666666667
"402",22.4709897979798,0.0218253968253968,0.239583333333333
"403",22.4969604477612,0.027281746031746,0.25
"404",22.5359844029851,0.0337301587301587,0.260416666666667
"405",22.5811564,0.058531746031746,0.291666666666667
"406",22.6118709,0.108630952380952,0.3125
"407",22.6710092537313,0.121527777777778,0.3125
"408",22.7376976237624,0.187996031746032,0.3125
"409",22.8036109090909,0.205357142857143,0.354166666666667
"410",22.8245840298507,0.225198412698413,0.364583333333333
"411",22.8169571641791,0.256448412698413,0.333333333333333
"412",22.8322796969697,0.266369047619048,0.34375
"413",22.8755525373134,0.26984126984127,0.34375
"414",22.8939517293233,0.328869047619048,0.354166666666667
"415",22.9104631343284,0.331349206349206,0.375
"416",22.9019952631579,0.380456349206349,0.385416666666667
"417",22.9001971641791,0.367559523809524,0.40625
"418",22.8922101980198,0.410218253968254,0.416666666666667
"419",22.8893930827068,0.400793650793651,0.416666666666667
"420",22.9089017910448,0.468253968253968,0.416666666666667
"421",22.9275172932331,0.455357142857143,0.427083333333333
"422",22.9055842424242,0.450396825396825,0.447916666666667
"423",22.8928970149254,0.435019841269841,0.5
"424",22.8638142857143,0.443452380952381,0.5
"425",22.8662240298507,0.430555555555556,0.53125
"426",22.8675563157895,0.418154761904762,0.583333333333333
"427",22.8471995959596,0.402281746031746,0.583333333333333
"428",22.8582823529412,0.390873015873016,0.59375
"429",22.8699090909091,0.391369047619048,0.604166666666667
"430",22.8754711764706,0.38343253968254,0.625
"431",22.8920108270677,0.347222222222222,0.635416666666667
"432",22.8926945454545,0.34672619047619,0.666666666666667
"433",22.9283082352941,0.326884920634921,0.708333333333333
"434",22.9686654545455,0.333829365079365,0.729166666666667
"435",23.0737782352941,0.322420634920635,0.760416666666667
"436",23.240820075188,0.310019841269841,0.802083333333333
"437",23.4067787878788,0.304563492063492,0.854166666666667
"438",23.5834420895522,0.318948412698413,0.875
"439",23.7886903759398,0.310515873015873,0.885416666666667
"440",24.0367298507463,0.384920634920635,0.885416666666667
"441",24.133149924812,0.415178571428571,0.895833333333333
"442",24.2660848,0.461309523809524,0.916666666666667
"443",24.3907231343284,0.440972222222222,0.927083333333333
"444",24.5340058415842,0.463789682539683,0.947916666666667
"445",24.65817,0.455853174603175,0.947916666666667
"446",24.7877407518797,0.443452380952381,0.947916666666667
"447",24.9214275,0.428075396825397,0.958333333333333
"448",25.0282220895522,0.461805555555556,0.96875
"449",25.1579824242424,0.442956349206349,0.979166666666667
"450",25.3058449253731,0.51140873015873,0.989583333333333
"451",25.3973803007519,0.505456349206349,0.989583333333333
"452",25.5030576,0.505952380952381,0.989583333333333
"453",25.6539726865672,0.481646825396825,1
"454",25.8005703759398,0.475694444444444,1
"455",26.0072032835821,0.484623015873016,1
"456",26.250952556391,0.522321428571429,1
"457",26.5596452,0.5,1
"458",26.8430207462686,0.489583333333333,1
"459",27.1892530827068,0.486607142857143,1
"460",27.5474611764706,0.510416666666667,1
"461",27.9546444360902,0.487599206349206,1
"462",28.3773662,0.533234126984127,1
"463",28.7633385074627,0.509424603174603,1
"464",29.13918,0.52281746031746,1
"465",29.528202,0.518849206349206,1
"466",29.940450075188,0.510416666666667,1
"467",30.355808,0.483630952380952,1
"468",30.8020173529412,0.530753968253968,1
"469",31.4012906818182,0.518849206349206,1
"470",31.951096119403,0.534722222222222,1
"471",32.4794884210526,0.507440476190476,1
"472",33.013033,0.51140873015873,1
"473",33.4951757575758,0.495535714285714,1
"474",35.0990693984962,0.499007936507937,1
"475",39.1489702985076,0.493055555555556,1
"476",43.5603718045114,0.517361111111111,1
"477",47.3107607070708,0.505456349206349,1
"478",51.1231917647059,0.495535714285714,1
"479",54.8811025373133,0.469246031746032,1
"480",58.4808797014925,0.549107142857143,1
"481",61.7159583458647,0.53968253968254,1
"482",64.8042121212123,0.530257936507937,0.989583333333333
"483",67.6595764705881,0.524801587301587,0.989583333333333
"484",70.5816664122137,0.532242063492063,0.989583333333333
"485",74.2464610294118,0.519345238095238,0.979166666666667
"486",76.4050666917294,0.54265873015873,0.979166666666667
"487",78.4842304040405,0.518353174603175,0.979166666666667
"488",80.2792813235294,0.519345238095238,0.96875
"489",81.8851825757575,0.493055555555556,0.96875
"490",83.3881777941177,0.529761904761905,0.947916666666667
"491",84.5521371428572,0.503472222222222,0.927083333333333
"492",85.619218989899,0.518353174603175,0.90625
"493",86.7364320895522,0.500992063492063,0.90625
"494",87.6400542105263,0.514880952380952,0.875
"495",88.4607988059701,0.536706349206349,0.875
"496",89.1129631578947,0.55109126984127,0.875
"497",89.7625717,0.538194444444444,0.84375
"498",90.1127770149254,0.537698412698413,0.802083333333333
"499",90.4376242105263,0.511904761904762,0.708333333333333
"500",90.6688729850746,0.53422619047619,0.6875
"501",91.0103278947368,0.509424603174603,0.614583333333333
"502",91.3440497,0.498511904761905,0.583333333333333
"503",91.7621064179105,0.470734126984127,0.583333333333333
"504",91.8685910526316,0.552579365079365,0.520833333333333
"505",92.0158865671642,0.53125,0.520833333333333
"506",92.1444526315789,0.545634920634921,0.489583333333333
"507",92.1600894,0.529761904761905,0.322916666666667
"508",92.2120332835821,0.521329365079365,0.3125
"509",92.2713752631579,0.492559523809524,0.3125
"510",92.3257010447761,0.530753968253968,0.229166666666667
"511",92.3611998507463,0.515873015873016,0.197916666666667
"512",92.3281396,0.53125,0.197916666666667
"513",92.2222308955224,0.526289682539683,0.0833333333333333
"514",91.9440509022556,0.518353174603175,-0.03125
"515",91.6868756716418,0.478670634920635,-0.03125
"516",91.509634887218,0.471230158730159,-0.0520833333333333
"517",91.3820824242424,0.439484126984127,-0.145833333333333
"518",91.2035449253731,0.430555555555556,-0.145833333333333
"519",91.0757563157895,0.404265873015873,-0.177083333333333
"520",90.9402646268657,0.400297619047619,-0.229166666666667
"521",90.803722631579,0.375,-0.260416666666667
"522",90.681617,0.359126984126984,-0.364583333333333
"523",90.4499123880597,0.330357142857143,-0.364583333333333
"524",90.27177,0.296130952380952,-0.364583333333333
"525",90.1226011940298,0.24156746031746,-0.364583333333333
"526",89.9382463157895,0.203869047619048,-0.375
"527",89.7457373,0.167162698412698,-0.40625
"528",89.5029132835821,0.110119047619048,-0.479166666666667
"529",89.2395784,0.0729166666666667,-0.541666666666667
"530",89.1085105940594,0.0699404761904762,-0.541666666666667
"531",88.9618954887218,0.0625,-0.541666666666667
"532",88.7984632323232,0.033234126984127,-0.583333333333333
"533",88.6026477941176,-0.0238095238095238,-0.583333333333333
"534",88.3459959848485,-0.0203373015873016,-0.604166666666667
"535",88.0550764179104,-0.037202380952381,-0.604166666666667
"536",87.8949010526316,-0.0297619047619048,-0.625
"537",87.7570963636364,-0.0401785714285714,-0.645833333333333
"538",87.6685864705882,-0.0401785714285714,-0.71875
"539",87.5152389473684,-0.0525793650793651,-0.739583333333333
"540",87.3545825373134,-0.0823412698412698,-0.760416666666667
"541",87.1702767164179,-0.0922619047619048,-0.760416666666667
"542",86.9574193939394,-0.109623015873016,-0.770833333333333
"543",86.8582630882353,-0.112599206349206,-0.770833333333333
"544",86.6927406818182,-0.155753968253968,-0.770833333333333
"545",86.5029994117647,-0.157738095238095,-0.770833333333333
"546",86.3553196212121,-0.190972222222222,-0.791666666666667
"547",86.1628969,-0.19047619047619,-0.791666666666667
"548",85.9766037313433,-0.201388888888889,-0.8125
"549",85.78781,-0.20734126984127,-0.854166666666667
"550",85.6168285074627,-0.243551587301587,-0.854166666666667
"551",85.5602847368421,-0.249503968253968,-0.854166666666667
"552",85.4988578,-0.261904761904762,-0.854166666666667
"553",85.4002890909091,-0.246031746031746,-0.854166666666667
"554",85.2477346616541,-0.266369047619048,-0.864583333333333
"555",85.1028505970149,-0.268353174603175,-0.864583333333333
"556",84.960889924812,-0.286706349206349,-0.864583333333333
"557",84.840258,-0.276289682539683,-0.864583333333333
"558",84.7558492537314,-0.286706349206349,-0.875
"559",84.6071518045113,-0.290178571428571,-0.864583333333333
"560",84.493653880597,-0.338293650793651,-0.864583333333333
"561",84.4065389552239,-0.358134920634921,-0.822916666666667
"562",84.3150262,-0.362599206349206,-0.802083333333333
"563",84.2626237313433,-0.351190476190476,-0.78125
"564",84.2200036842105,-0.35515873015873,-0.78125
"565",84.2152964179105,-0.342261904761905,-0.770833333333333
"566",84.2169610526316,-0.355654761904762,-0.770833333333333
"567",84.1897063636364,-0.372519841269841,-0.760416666666667
"568",84.1005491044776,-0.381448412698413,-0.760416666666667
"569",84.0099711278196,-0.367063492063492,-0.770833333333333
"570",83.9970752238806,-0.390376984126984,-0.75
"571",83.9925069172932,-0.382936507936508,-0.770833333333333
"572",83.947411,-0.40922619047619,-0.770833333333333
"573",83.8567279411765,-0.398809523809524,-0.78125
"574",83.7405894736842,-0.415674603174603,-0.791666666666667
"575",83.6426180597015,-0.412202380952381,-0.770833333333333
"576",83.5355830693069,-0.462301587301587,-0.78125
"577",83.4397658646616,-0.444444444444444,-0.78125
"578",83.3567412121212,-0.475694444444444,-0.78125
"579",83.29495,-0.452876984126984,-0.739583333333333
"580",83.1958652941177,-0.473214285714286,-0.71875
"581",83.1276337878788,-0.462797619047619,-0.6875
"582",83.0653309090909,-0.473710317460317,-0.635416666666667
"583",82.9856297058824,-0.462301587301587,-0.635416666666667
"584",82.9352722,-0.474702380952381,-0.604166666666667
"585",82.8711530693069,-0.493055555555556,-0.572916666666667
"586",82.8184903787879,-0.490575396825397,-0.510416666666667
"587",82.7514564,-0.467261904761905,-0.489583333333333
"588",82.7131751470588,-0.521825396825397,-0.489583333333333
"589",82.6728090151515,-0.513392857142857,-0.447916666666667
"590",82.6334826865672,-0.519345238095238,-0.4375
"591",82.6018016,-0.495039682539683,-0.395833333333333
"592",82.5559389473684,-0.510912698412698,-0.364583333333333
"593",82.4885453731343,-0.485615079365079,-0.34375
"594",82.4482515789474,-0.536210317460317,-0.291666666666667
"595",82.4134605970149,-0.536210317460317,-0.291666666666667
"596",82.4156210526316,-0.52827380952381,-0.270833333333333
"597",82.4341,-0.500992063492063,-0.270833333333333
"598",82.3613194029851,-0.515873015873016,-0.21875
"599",82.3021178195489,-0.486607142857143,-0.21875
"600",82.2729203030303,-0.56547619047619,-0.21875
"601",82.2238084962406,-0.540674603174603,-0.208333333333333
"602",82.1878769,-0.558531746031746,-0.197916666666667
"603",82.224438358209,-0.540178571428571,-0.1875
"604",82.2683288059701,-0.53125,-0.15625
"605",82.2892519402985,-0.508928571428571,-0.125
"606",82.2516548120301,-0.496527777777778,-0.114583333333333
"607",82.187521,-0.462797619047619,-0.114583333333333
"608",82.1729385074627,-0.486607142857143,-0.114583333333333
"609",82.1432048120301,-0.481150793650794,-0.104166666666667
"610",82.173833030303,-0.481646825396825,-0.104166666666667
"611",82.2110752631579,-0.460813492063492,-0.09375
"612",82.2198298,-0.46875,-0.0729166666666667
"613",82.2000747761194,-0.439484126984127,-0.0625
"614",82.1705187218045,-0.419146825396825,-0.0625
"615",82.1935243283582,-0.387896825396825,-0.0520833333333333
"616",82.1600019402985,-0.400297619047619,-0.0520833333333333
"617",82.116981,-0.375992063492063,-0.0520833333333333
"618",82.0457397058824,-0.365575396825397,-0.0416666666666667
"619",81.9796236842105,-0.338789682539683,-0.03125
"620",81.9126126865672,-0.338789682539683,-0.03125
"621",81.9202259090909,-0.32390873015873,-0.0208333333333333
"622",81.984642,-0.320436507936508,-0.0208333333333333
"623",81.9532906060606,-0.314980158730159,-0.0208333333333333
"624",81.9079492,-0.36359126984127,-0.0208333333333333
"625",81.8805664356436,-0.352678571428571,-0.0208333333333333
"626",81.8732566917293,-0.372519841269841,0
"627",81.887748,-0.385416666666667,0
"628",81.8535976811594,-0.384920634920635,0
"629",81.8440026515152,-0.370535714285714,0
"630",81.8345941791045,-0.449404761904762,0
"631",81.9099038,-0.439484126984127,0
"632",81.9710094736842,-0.426587301587302,0
"633",81.9636790909091,-0.405257936507937,0
"634",81.9431108270677,-0.381944444444444,0
"635",81.9169020588235,-0.352678571428571,0
"636",81.9005236363636,-0.347718253968254,0
"637",81.92599,-0.350694444444444,0
"638",81.9363085294118,-0.341269841269841,0
"639",81.9425463157895,-0.321924603174603,0
"640",81.9650236363636,-0.339285714285714,0
"641",81.9665788118812,-0.319444444444444,0
"642",81.9018188059702,-0.30109126984127,0
"643",81.8585060606061,-0.274305555555556,0
"644",81.920137368421,-0.267361111111111,0
"645",81.9517155223881,-0.261904761904762,0
"646",81.9299221052631,-0.237599206349206,0
"647",81.9167488,-0.202876984126984,0
"648",81.8900786363636,-0.228174603174603,0
"649",81.8380618045113,-0.224206349206349,0
"650",81.8099293939394,-0.228174603174603,0
"651",81.8229978195489,-0.210813492063492,0
"652",81.8388972,-0.197420634920635,0
"653",81.8213456716418,-0.18452380952381,0
"654",81.8125666165413,-0.170138888888889,0
"655",81.8418694117647,-0.160714285714286,0
"656",81.817622556391,-0.179563492063492,0
"657",81.777999,-0.175595238095238,0
"658",81.7876720895522,-0.178075396825397,0
"659",81.7963057894737,-0.160714285714286,0
"660",81.7626278787879,-0.171626984126984,0
"661",81.7721696240602,-0.161706349206349,0
"662",81.8009478,-0.155257936507937,0
"663",81.8198034328358,-0.148809523809524,0
"664",81.8504214285714,-0.162698412698413,0
"665",81.8820555223881,-0.160714285714286,0
"666",81.8777209022556,-0.158234126984127,0
"667",81.8765707920792,-0.14781746031746,0
"668",81.8686425373134,-0.127480158730159,0
"669",81.9336772932331,-0.118551587301587,0
"670",81.9971749253731,-0.115575396825397,0
"671",82.0190511940299,-0.107142857142857,0
"672",81.9588636363636,-0.099702380952381,0
"673",81.905804477612,-0.091765873015873,0
"674",81.8739212878788,-0.0863095238095238,0
"675",81.8541654411765,-0.0803571428571429,0
"676",81.9059911363636,-0.0753968253968254,0
"677",81.9299289552239,-0.0620039682539683,0
"678",81.8774968,-0.0481150793650794,0
"679",81.8244344360902,-0.0570436507936508,0
"680",81.7948782089552,-0.0471230158730159,0
"681",81.7738742857143,-0.0406746031746032,0
"682",81.7246575,-0.037202380952381,0
"683",81.758165,-0.0347222222222222,0
"684",81.774885112782,-0.0401785714285714,0
"685",81.7628029850746,-0.0416666666666667,0
"686",81.7542469924812,-0.0426587301587302,0
"687",81.7131147058823,-0.0381944444444444,0
"688",81.7117444,-0.0342261904761905,0
"689",81.7735712030075,-0.0322420634920635,0
"690",81.8468719402985,-0.0550595238095238,0
"691",81.8601839097744,-0.0525793650793651,0
"692",81.8865863,-0.0376984126984127,0
"693",81.9313466666667,-0.0396825396825397,0
"694",81.9358860150376,-0.0282738095238095,0
"695",81.9950997014925,-0.025297619047619,0
"696",82.0276542857143,-0.0208333333333333,0
"697",82.0327273267327,-0.0183531746031746,0
"698",82.04232,-0.0119047619047619,0
"699",82.1023662406015,0.00396825396825397,0
"700",82.0948186567164,0.0178571428571429,0
"701",82.0627149253731,0.0282738095238095,0
"702",82.0674245,0.0441468253968254,0
"703",82.0917516417911,0.0550595238095238,0
"704",82.033194887218,0.0823412698412698,0
"705",82.0120652238806,0.0763888888888889,0.0104166666666667
"706",81.9652585714286,0.0674603174603175,0.0104166666666667
"707",81.9713311111111,0.0689484126984127,0.0104166666666667
"708",82.0293549253731,0.0634920634920635,0.0104166666666667
"709",82.0960633082707,0.0570436507936508,0.0104166666666667
"710",82.184836119403,0.0625,0.0104166666666667
"711",82.233279924812,0.0575396825396825,0.0104166666666667
"712",82.2650188,0.0595238095238095,0.0104166666666667
"713",82.2202419402985,0.0575396825396825,0
"714",82.1232916541353,0.0868055555555556,0
"715",82.0249870149254,0.0927579365079365,0
"716",82.0198659398496,0.0992063492063492,0
"717",81.97269,0.0952380952380952,0
"718",81.932737761194,0.0749007936507936,0
"719",81.9177854887218,0.0699404761904762,0
"720",81.896661641791,0.0768849206349206,0
"721",81.9229787218045,0.0763888888888889,0
"722",82.0008916,0.0481150793650794,0
"723",81.9987037313433,0.0386904761904762,0
"724",82.021869,0.0466269841269841,0
"725",82.0911393069307,0.0386904761904762,0
"726",82.1269512030075,0.0620039682539682,0
"727",82.1404737,0.0505952380952381,0
"728",82.0697846268657,0.0446428571428571,0
"729",82.0455659398496,0.037202380952381,0.0104166666666667
"730",82.1056183333333,0.0208333333333333,0.0104166666666667
"731",82.203314950495,0.0193452380952381,0.0104166666666667
"732",82.2848998507463,0.0223214285714286,0.0104166666666667
"733",82.2849351515152,0.027281746031746,0.0104166666666667
"734",82.2053935338346,0.0317460317460317,0.0104166666666667
"735",82.1758191044776,0.0575396825396825,0
"736",82.2032520300752,0.060515873015873,0
"737",82.2697812,0.0620039682539683,0
"738",82.2698133333333,0.0629960317460317,0
"739",82.2376469172932,0.0639880952380952,0
"740",82.1979709090909,0.0525793650793651,0
"741",82.2012156390977,0.0421626984126984,0
"742",82.2268485148515,0.0411706349206349,0
"743",82.2473563636364,0.0401785714285714,0
"744",82.234624477612,0.0669642857142857,0
"745",82.2518901492537,0.0515873015873016,0
"746",82.2567169924812,0.033234126984127,0
"747",82.1916436,0.0248015873015873,0
"748",82.2326747761194,0.0198412698412698,0
"749",82.199632631579,0.0213293650793651,0
"750",82.2050509090909,0.0223214285714286,0
"751",82.2476519548872,0.0208333333333333,0
"752",82.2990664,0.0223214285714286,0
"753",82.316268358209,0.0193452380952381,0
"754",82.270267368421,0.0109126984126984,0
"755",82.1924135820896,0.00942460317460317,0
"756",82.1921062406015,0.00793650793650794,0
"757",82.2063222,0.0064484126984127,0
"758",82.2407276119403,0.00595238095238095,0
"759",82.2572263909775,0.00496031746031746,0
"760",82.3158697014925,0.00496031746031746,0.0104166666666667
"761",82.3273352631579,0.00396825396825397,0.0104166666666667
"762",82.3775925,0.00396825396825397,0.0104166666666667
"763",82.4375017910448,0.0064484126984127,0.0104166666666667
"764",82.4823294736842,0.0064484126984127,0.0104166666666667
"765",82.5361098507463,0.0133928571428571,0.0104166666666667
"766",82.5715132330827,0.0257936507936508,0.0104166666666667
"767",82.5817622772277,0.0391865079365079,0.0104166666666667
"768",82.5836473134328,0.0758928571428571,0.0104166666666667
"769",82.5536020454545,0.0868055555555556,0
"770",82.5427595522388,0.109623015873016,0
"771",82.5619394736842,0.108134920634921,0
"772",82.5765019,0.112103174603175,0
"773",82.5339113636363,0.11656746031746,0
"774",82.5489385714286,0.112103174603175,0
"775",82.6110920895522,0.104662698412698,0
"776",82.6318233082707,0.129960317460317,0
"777",82.6337873267327,0.145833333333333,0
"778",82.6172204545455,0.124007936507936,0
"779",82.6071015789474,0.121031746031746,0
"780",82.6163082089552,0.161210317460317,0
"781",82.5727240601504,0.143353174603175,0
"782",82.5082097029703,0.146329365079365,0
"783",82.4956698507463,0.13343253968254,0
"784",82.5214571428571,0.127480158730159,0
"785",82.5529208955224,0.119047619047619,0
"786",82.5513988059701,0.106646825396825,0
"787",82.4878096,0.0813492063492064,0
"788",82.4382545454545,0.0753968253968254,0
"789",82.4447096240602,0.0734126984126984,0
"790",82.4399391044776,0.097718253968254,0
"791",82.4745413636364,0.0982142857142857,0
"792",82.4594626,0.0833333333333333,0
"793",82.4503785074627,0.0768849206349206,0
"794",82.459592556391,0.0719246031746032,0
"795",82.4644320895522,0.0649801587301587,0
"796",82.4522507518797,0.0654761904761905,0
"797",82.4150442,0.060515873015873,0
"798",82.4012623880597,0.0471230158730159,0
"799",82.3753048120301,0.0436507936507936,0
"800",82.3719334328358,0.0322420634920635,0
"801",82.3747288721805,0.0297619047619048,0
"802",82.340941,0.0233134920634921,0
"803",82.3050473134329,0.0228174603174603,0
"804",82.2303766165413,0.0213293650793651,0
"805",82.1871523880597,0.0173611111111111,0
"806",82.2443408,0.0128968253968254,0
"807",82.2670745522388,0.0138888888888889,0
"808",82.2190089552239,0.00843253968253968,0
"809",82.1771476691729,0.00248015873015873,0
"810",82.157781641791,-0.00297619047619048,0
"811",82.1309139393939,-0.00892857142857143,0
"812",82.119103,-0.0128968253968254,0
"813",82.185663880597,-0.0128968253968254,0
"814",82.2332653,-0.00248015873015873,0
"815",82.2503908,-0.00843253968253968,0
"816",82.2597167164179,-0.0431547619047619,0
"817",82.2657628,-0.0401785714285714,0
"818",82.2594657575758,-0.0357142857142857,0
"819",82.2327196992481,-0.0342261904761905,0
"820",82.2379972727273,-0.0342261904761905,0
"821",82.2292172180451,-0.0322420634920635,0
"822",82.2242522772277,-0.033234126984127,0
"823",82.1782690909091,-0.0391865079365079,0
"824",82.1799178947368,-0.0401785714285714,0
"825",82.1672062686567,-0.0441468253968254,0
"826",82.1477941353383,-0.0421626984126984,0
"827",82.1238924752475,-0.0391865079365079,0
"828",82.1051363636364,-0.0233134920634921,0
"829",82.087869924812,-0.0223214285714286,0
"830",82.0799882352941,-0.0213293650793651,0
"831",82.1250086466165,-0.0223214285714286,0
"832",82.1883400990099,-0.03125,0
"833",82.1858909090909,-0.0391865079365079,0
"834",82.1608896240601,-0.0317460317460317,0
"835",82.1265203030303,-0.0198412698412698,0
"836",82.0984736090225,-0.0173611111111111,0
"837",82.078138,-0.0228174603174603,0
"838",82.0756,-0.0213293650793651,0
"839",82.0904730827068,-0.0143849206349206,0
"840",82.1050032352941,-0.0133928571428571,0
"841",82.0896353383459,-0.0124007936507937,0
"842",82.0542776,-0.0114087301587302,0
"843",82.0138531343284,-0.0104166666666667,0
"844",82.0117212781955,-0.00595238095238095,0
"845",82.0199421212121,-0.000992063492063492,0
"846",81.9908472932331,-0.000992063492063492,0
"847",81.9689732835821,-0.000496031746031746,0
"848",81.9712082178218,-0.000496031746031746,0
"849",81.9900056390977,-0.0104166666666667,0
"850",81.9974464705882,-0.00992063492063492,0
"851",81.9812087969925,-0.00992063492063492,0
"852",82.0027931313131,-0.00942460317460317,0
"853",81.9720871641791,-0.00942460317460317,0
"854",81.9530857142857,-0.0153769841269841,0
"855",81.9569615151515,-0.0148809523809524,0
"856",81.9403244360902,-0.0143849206349206,0
"857",81.9175267326733,-0.0138888888888889,0
"858",81.871872238806,-0.0133928571428571,0
"859",81.8099947727273,-0.0153769841269841,0
"860",81.7791307352941,-0.0168650793650794,0
"861",81.7870506015038,-0.0163690476190476,0
"862",81.8222942,-0.0228174603174603,0
"863",81.8228166666667,-0.0218253968253968,0
"864",81.7777730075188,-0.0208333333333333,0
"865",81.7542354411765,-0.0223214285714286,0
"866",81.7001875373134,-0.0267857142857143,0
"867",81.6478885,-0.03125,0
"868",81.5920886567164,-0.033234126984127,0
"869",81.5733981954887,-0.037202380952381,0
"870",81.6134425373134,-0.0421626984126984,0
"871",81.6457574,-0.0491071428571429,0
"872",81.6208834328358,-0.0530753968253968,0
"873",81.59097,-0.0416666666666667,0
"874",81.5749602255639,-0.0694444444444444,0
"875",81.560321641791,-0.103670634920635,0
"876",81.5465376691729,-0.097718253968254,0
"877",81.50877,-0.0813492063492064,0
"878",81.4547555223881,-0.0907738095238095,0
"879",81.3871184962406,-0.0818452380952381,0
"880",81.3432083333333,-0.0868055555555556,0
"881",81.3656373267327,-0.0689484126984127,0
"882",81.3617550746269,-0.116071428571429,0
"883",81.3014795384615,-0.112103174603175,0
"884",81.2077770895522,-0.129960317460317,0
"885",81.1645567164179,-0.130456349206349,0
"886",81.1722195454546,-0.17906746031746,0
"887",81.2094594,-0.185515873015873,0
"888",81.2586125373134,-0.185515873015873,0
"889",81.2473857142857,-0.169642857142857,0
"890",81.2052081818182,-0.163194444444444,0
"891",81.1477230827068,-0.182043650793651,0
"892",81.071556,-0.174603174603175,0
"893",81.0560098507463,-0.180555555555556,0
"894",80.9942344360902,-0.173115079365079,0
"895",80.9309732352941,-0.166170634920635,0
"896",80.9059285714286,-0.183531746031746,0
"897",80.8933952,-0.206349206349206,0
"898",80.92902,-0.236111111111111,0
"899",80.9989857142857,-0.251984126984127,0
"900",81.0042028787879,-0.304563492063492,0
"901",80.9136896240602,-0.299603174603175,0
"902",80.8593216,-0.307539682539683,0
"903",80.8114734328358,-0.306547619047619,0
"904",80.732865530303,-0.303075396825397,-0.0104166666666667
"905",80.6418205882353,-0.305059523809524,-0.0104166666666667
"906",80.6162636090226,-0.294146825396825,-0.0104166666666667
"907",80.5951289552239,-0.25843253968254,-0.0104166666666667
"908",80.6451557,-0.264384920634921,-0.0104166666666667
"909",80.6474843939394,-0.248511904761905,-0.0208333333333333
"910",80.6206508823529,-0.290178571428571,-0.0208333333333333
"911",80.5551102255639,-0.259424603174603,-0.0208333333333333
"912",80.5082542,-0.3125,-0.0208333333333333
"913",80.5326824242424,-0.282738095238095,-0.0208333333333333
"914",80.4967752475247,-0.277281746031746,-0.0208333333333333
"915",80.4416717821782,-0.264880952380952,-0.0208333333333333
"916",80.3774803816794,-0.287698412698413,-0.0208333333333333
"917",80.3187795049505,-0.266369047619048,-0.0208333333333333
"918",80.3431845454545,-0.294642857142857,-0.0208333333333333
"919",80.3113954545454,-0.278273809523809,-0.0208333333333333
"920",80.2171731343284,-0.273313492063492,-0.0208333333333333
"921",80.1282568421053,-0.266865079365079,-0.0208333333333333
"922",80.0487346534653,-0.264880952380952,-0.03125
"923",79.9122068181818,-0.273809523809524,-0.0416666666666667
"924",79.9087589473684,-0.36359126984127,-0.0416666666666667
"925",79.9444504477612,-0.359126984126984,-0.0416666666666667
"926",79.9669136842105,-0.359623015873016,-0.0416666666666667
"927",79.9686396039604,-0.341269841269841,-0.0625
"928",79.9029090909091,-0.371527777777778,-0.0729166666666667
"929",79.86271,-0.369047619047619,-0.0729166666666667
"930",79.8083004477612,-0.398809523809524,-0.0833333333333333
"931",79.7676142105263,-0.387896825396825,-0.104166666666667
"932",79.7647204,-0.400793650793651,-0.104166666666667
"933",79.7087049253732,-0.384424603174603,-0.104166666666667
"934",79.5845621052632,-0.387400793650794,-0.114583333333333
"935",79.5397785074627,-0.382936507936508,-0.114583333333333
"936",79.5459436842105,-0.451884920634921,-0.114583333333333
"937",79.5284264356436,-0.427579365079365,-0.135416666666667
"938",79.434696119403,-0.441468253968254,-0.145833333333333
"939",79.3929581954887,-0.418154761904762,-0.166666666666667
"940",79.3584762686567,-0.425099206349206,-0.177083333333333
"941",79.2764965671642,-0.400793650793651,-0.177083333333333
"942",79.2093523232323,-0.419146825396825,-0.1875
"943",79.1019170149254,-0.407242063492063,-0.197916666666667
"944",79.0721287218045,-0.414186507936508,-0.21875
"945",79.0967310447761,-0.439484126984127,-0.25
"946",79.07898,-0.467261904761905,-0.25
"947",79.0379036,-0.444940476190476,-0.260416666666667
"948",78.9839210447761,-0.457837301587302,-0.28125
"949",78.8981347368421,-0.450892857142857,-0.302083333333333
"950",78.7952901492537,-0.48015873015873,-0.302083333333333
"951",78.719882631579,-0.454365079365079,-0.3125
"952",78.6659548,-0.499007936507937,-0.322916666666667
"953",78.6457279104478,-0.490079365079365,-0.3125
"954",78.5996242105263,-0.49702380952381,-0.333333333333333
"955",78.564434117647,-0.469246031746032,-0.34375
"956",78.5354203759399,-0.458829365079365,-0.364583333333333
"957",78.4856,-0.462797619047619,-0.385416666666667
"958",78.3560468656716,-0.455357142857143,-0.416666666666667
"959",78.2751181818182,-0.436507936507937,-0.416666666666667
"960",78.2430811940299,-0.529265873015873,-0.4375
"961",78.2580921,-0.517361111111111,-0.458333333333333
"962",78.2671705223881,-0.533730158730159,-0.510416666666667
"963",78.2699931818182,-0.506448412698413,-0.520833333333333
"964",78.2460658955224,-0.495535714285714,-0.541666666666667
"965",78.2212398529412,-0.47172619047619,-0.552083333333333
"966",78.1836459848485,-0.49702380952381,-0.59375
"967",78.169456,-0.468253968253968,-0.614583333333333
"968",78.059175,-0.484126984126984,-0.614583333333333
"969",77.9752752631579,-0.476686507936508,-0.708333333333333
"970",77.8976726865672,-0.487103174603175,-0.739583333333333
"971",77.816985,-0.468253968253968,-0.760416666666667
"972",77.7391326732673,-0.507440476190476,-0.791666666666667
"973",77.6224654545455,-0.479166666666667,-0.791666666666667
"974",77.5431718796992,-0.475694444444444,-0.791666666666667
"975",77.4454308955224,-0.501984126984127,-0.791666666666667
"976",77.3754107518797,-0.506448412698413,-0.791666666666667
"977",77.310413960396,-0.481646825396825,-0.8125
"978",77.2681978787879,-0.475198412698413,-0.84375
"979",77.1892765413534,-0.457837301587302,-0.854166666666667
"980",77.0918128358209,-0.504960317460317,-0.854166666666667
"981",76.9938987969925,-0.487103174603175,-0.84375
"982",76.909861,-0.475198412698413,-0.854166666666667
"983",76.880411641791,-0.450396825396825,-0.84375
"984",76.8623866165414,-0.472222222222222,-0.854166666666667
"985",76.8505764179104,-0.451884920634921,-0.864583333333333
"986",76.8100893233083,-0.469742063492064,-0.875
"987",76.7408713,-0.458829365079365,-0.895833333333333
"988",76.6789973134328,-0.500992063492063,-0.895833333333333
"989",76.5984637593985,-0.492063492063492,-0.895833333333333
"990",76.562331641791,-0.565972222222222,-0.90625
"991",76.4662990977444,-0.545138888888889,-0.916666666666667
"992",76.3429995,-0.573412698412698,-0.916666666666667
"993",76.2860040298507,-0.543650793650794,-0.916666666666667
"994",76.2637310526316,-0.548611111111111,-0.927083333333333
"995",76.2320643283582,-0.518849206349206,-0.927083333333333
"996",76.0898172180451,-0.529761904761905,-0.9375
"997",75.93803,-0.497519841269841,-0.947916666666667
"998",75.8763120895522,-0.487599206349206,-0.947916666666667
"999",75.8075194736842,-0.472222222222222,-0.958333333333333
"1000",75.7879414925373,-0.514880952380952,-0.958333333333333
"1001",75.7528452631579,-0.516369047619048,-0.96875
"1002",75.6545694,-0.508928571428571,-0.979166666666667
"1003",75.5453710447761,-0.494047619047619,-0.979166666666667
"1004",75.4457003007519,-0.486607142857143,-0.989583333333333
"1005",75.3126379104478,-0.482638888888889,-1
"1006",75.235272631579,-0.471230158730159,-0.989583333333333
"1007",75.1548010447761,-0.456845238095238,-0.989583333333333
"1008",75.0935743564357,-0.552083333333333,-0.989583333333333
"1009",75.0762640151515,-0.534722222222222,-0.989583333333333
"1010",75.0404525,-0.52827380952381,-0.989583333333333
"1011",74.9508357894737,-0.500992063492063,-1
"1012",74.8640965656566,-0.526785714285714,-1
"1013",74.8061798507463,-0.5,-1
"1014",74.7140109022556,-0.529265873015873,-1
"1015",74.5715375,-0.518353174603175,-1
"1016",74.5087178030303,-0.512400793650794,-0.989583333333333
"1017",74.447945,-0.484623015873016,-0.989583333333333
"1018",74.4096741,-0.472718253968254,-0.989583333333333
"1019",74.3379025757576,-0.447916666666667,-0.989583333333333
"1020",74.2353074626866,-0.516865079365079,-0.989583333333333
"1021",74.1319240601504,-0.493055555555556,-1
"1022",74.0061249,-0.5,-1
"1023",73.8866218181818,-0.499007936507937,-0.989583333333333
"1024",73.8301155223881,-0.514880952380952,-0.989583333333333
"1025",73.8129674626866,-0.502480158730159,-0.989583333333333
"1026",73.7678998496241,-0.544642857142857,-0.989583333333333
"1027",73.6400104950495,-0.529761904761905,-0.989583333333333
"1028",73.4821836363636,-0.521329365079365,-0.989583333333333
"1029",73.3927993233083,-0.511904761904762,-1
"1030",73.3043113636364,-0.506448412698413,-1
"1031",73.2022881203008,-0.48015873015873,-1
"1032",73.100363960396,-0.499503968253968,-1
"1033",73.0492883333333,-0.475198412698413,-1
"1034",72.9530358646617,-0.494047619047619,-1
"1035",72.856753880597,-0.504464285714286,-1
"1036",72.7492731578947,-0.525793650793651,-1
"1037",72.648102,-0.514384920634921,-1
"1038",72.5614640298507,-0.504464285714286,-1
"1039",72.4933222556391,-0.48015873015873,-1
"1040",72.4064140298508,-0.532738095238095,-1
"1041",72.2810570676692,-0.51140873015873,-0.979166666666667
"1042",72.1749758,-0.498015873015873,-0.979166666666667
"1043",72.1361686567164,-0.472718253968254,-0.979166666666667
"1044",72.14257,-0.507440476190476,-0.979166666666667
"1045",72.1040774626866,-0.512896825396825,-0.979166666666667
"1046",72.0213966917293,-0.500496031746032,-0.989583333333333
"1047",71.9060246,-0.474206349206349,-1
"1048",71.7692007462687,-0.464781746031746,-1
"1049",71.6558243,-0.439484126984127,-1
"1050",71.5295665346535,-0.510912698412698,-1
"1051",71.4301485714286,-0.487599206349206,-1
"1052",71.3707107,-0.47718253968254,-1
"1053",71.2818111940298,-0.480654761904762,-1
"1054",71.1440803030303,-0.50297619047619,-1
"1055",70.9928694029851,-0.478670634920635,-1
"1056",70.8778927067669,-0.561507936507937,-1
"1057",70.7334946,-0.541170634920635,-1
"1058",70.660728358209,-0.545634920634921,-1
"1059",70.6085434090909,-0.517857142857143,-0.989583333333333
"1060",70.539673382353,-0.527281746031746,-0.979166666666667
"1061",70.503642481203,-0.499503968253968,-0.979166666666667
"1062",70.4473438,-0.509424603174603,-0.979166666666667
"1063",70.3605656716418,-0.480654761904762,-0.979166666666667
"1064",70.2827945112782,-0.515376984126984,-0.979166666666667
"1065",70.1808085294118,-0.50843253968254,-0.989583333333333
"1066",70.0776592424242,-0.53125,-0.989583333333333
"1067",69.9834758823529,-0.513392857142857,-1
"1068",69.8770075757576,-0.524801587301587,-1
"1069",69.760053030303,-0.496031746031746,-1
"1070",69.6190586567164,-0.491071428571429,-1
"1071",69.5112694736842,-0.495535714285714,-1
"1072",69.4080164179104,-0.501984126984127,-1
"1073",69.3723705,-0.491071428571429,-1
"1074",69.2455194029851,-0.486111111111111,-1
"1075",69.1005644776119,-0.479166666666667,-1
"1076",69.033414887218,-0.466269841269841,-1
"1077",68.9416502985075,-0.438492063492063,-1
"1078",68.812305,-0.470238095238095,-1
"1079",68.714373880597,-0.46031746031746,-1
"1080",68.6329954545454,-0.566964285714286,-1
"1081",68.5281379699248,-0.562003968253968,-1
"1082",68.4209391044776,-0.552083333333333,-1
"1083",68.3681,-0.538194444444444,-1
"1084",68.2583642424242,-0.529265873015873,-1
"1085",68.133532238806,-0.520337301587302,-1
"1086",68.0128714285714,-0.511904761904762,-1
"1087",67.897572238806,-0.486607142857143,-1
"1088",67.8225220792079,-0.51984126984127,-0.989583333333333
"1089",67.7532939097744,-0.51984126984127,-0.979166666666667
"1090",67.6834352238806,-0.512400793650794,-0.979166666666667
"1091",67.6220551879699,-0.488095238095238,-0.979166666666667
"1092",67.5693764179104,-0.562996031746032,-0.979166666666667
"1093",67.5080337373737,-0.540674603174603,-0.979166666666667
"1094",67.406962556391,-0.527777777777778,-0.979166666666667
"1095",67.2983129411765,-0.517361111111111,-1
"1096",67.1860201503759,-0.508928571428571,-1
"1097",67.0877062686567,-0.48015873015873,-1
"1098",67.019135,-0.489583333333333,-1
"1099",66.9167536090225,-0.46577380952381,-1
"1100",66.7895021212121,-0.517361111111111,-1
"1101",66.6592145864662,-0.494543650793651,-1
"1102",66.5456614705882,-0.513392857142857,-1
"1103",66.452255,-0.486607142857143,-1
"1104",66.3760704545454,-0.542162698412698,-1
"1105",66.3161047058824,-0.547619047619048,-1
"1106",66.2164574242424,-0.551587301587302,-0.989583333333333
"1107",66.1099820895522,-0.536706349206349,-0.989583333333333
"1108",66.056669,-0.526785714285714,-0.989583333333333
"1109",65.9870692481203,-0.501984126984127,-0.989583333333333
"1110",65.9278141176471,-0.527777777777778,-0.989583333333333
"1111",65.8495806060606,-0.504960317460317,-1
"1112",65.7596876470588,-0.493055555555556,-1
"1113",65.64868,-0.483630952380952,-1
"1114",65.5370589393939,-0.473710317460317,-1
"1115",65.4820302941176,-0.448412698412698,-1
"1116",65.4138955639098,-0.488095238095238,-1
"1117",65.3400479104478,-0.461805555555556,-1
"1118",65.2196754545455,-0.479166666666667,-1
"1119",65.0767493233083,-0.451884920634921,-1
"1120",64.948252238806,-0.525793650793651,-1
"1121",64.8705125,-0.515376984126984,-1
"1122",64.7865480597015,-0.558035714285714,-1
"1123",64.6688948,-0.529265873015873,-1
"1124",64.5658433834586,-0.520337301587302,-1
"1125",64.4974991044776,-0.525793650793651,-1
"1126",64.4355470676692,-0.520337301587302,-1
"1127",64.3398828358209,-0.506448412698413,-1
"1128",64.238704,-0.533234126984127,-1
"1129",64.1495046616541,-0.505456349206349,-1
"1130",64.0511135820896,-0.504464285714286,-0.989583333333333
"1131",63.9885295488722,-0.506944444444444,-0.96875
"1132",63.9643613235294,-0.493055555555556,-0.96875
"1133",63.94847,-0.470238095238095,-0.96875
"1134",63.8836334586466,-0.515376984126984,-0.96875
"1135",63.7533153731343,-0.497519841269841,-0.96875
"1136",63.6391669924812,-0.503968253968254,-0.96875
"1137",63.5644409090909,-0.472718253968254,-0.989583333333333
"1138",63.4910628,-0.467261904761905,-0.989583333333333
"1139",63.4304857894737,-0.456845238095238,-0.989583333333333
"1140",63.3651198507463,-0.524305555555556,-0.989583333333333
"1141",63.254034962406,-0.498511904761905,-1
"1142",63.1254360294118,-0.485119047619048,-1
"1143",63.034842,-0.457837301587302,-1
"1144",62.9665116541353,-0.50297619047619,-0.989583333333333
"1145",62.8955434328358,-0.482142857142857,-0.989583333333333
"1146",62.8285709022556,-0.474702380952381,-0.979166666666667
"1147",62.7930809090909,-0.457837301587302,-0.979166666666667
"1148",62.7489744,-0.467757936507937,-0.979166666666667
"1149",62.698005112782,-0.448412698412698,-0.979166666666667
"1150",62.621418358209,-0.476190476190476,-0.979166666666667
"1151",62.5302809774436,-0.450892857142857,-1
"1152",62.4324673134328,-0.516865079365079,-1
"1153",62.3419648,-0.492559523809524,-1
"1154",62.2188454135338,-0.495039682539683,-1
"1155",62.0986882089552,-0.512400793650794,-1
"1156",62.0440680451128,-0.531746031746032,-1
"1157",61.9979633823529,-0.518849206349206,-1
"1158",61.8989286,-0.514384920634921,-0.989583333333333
"1159",61.7987834090909,-0.504464285714286,-0.989583333333333
"1160",61.7198702941176,-0.517361111111111,-0.989583333333333
"1161",61.6291681203008,-0.507936507936508,-0.9375
"1162",61.5809918181818,-0.510416666666667,-0.9375
"1163",61.5534908,-0.490079365079365,-0.9375
"1164",61.5223387878788,-0.498015873015873,-0.9375
"1165",61.4829188235294,-0.47718253968254,-0.90625
"1166",61.390787518797,-0.470734126984127,-0.90625
"1167",61.2699672058824,-0.447916666666667,-0.90625
"1168",61.2118821212121,-0.458333333333333,-0.90625
"1169",61.1678272932331,-0.436011904761905,-0.90625
"1170",61.1617601470588,-0.482142857142857,-0.90625
"1171",61.1364325,-0.459325396825397,-0.916666666666667
"1172",61.10282,-0.443948412698413,-0.916666666666667
"1173",61.0353670707071,-0.43452380952381,-0.927083333333333
"1174",60.9639624752475,-0.423115079365079,-0.9375
"1175",60.8949125742574,-0.412698412698413,-0.9375
"1176",60.8291368181818,-0.444940476190476,-0.9375
"1177",60.7586685294118,-0.417162698412698,-0.947916666666667
"1178",60.6688454545455,-0.433035714285714,-0.947916666666667
"1179",60.5968960606061,-0.414186507936508,-0.958333333333333
"1180",60.5352213432836,-0.396825396825397,-0.958333333333333
"1181",60.4779434586466,-0.377480158730159,-0.958333333333333
"1182",60.4389629850746,-0.407738095238095,-0.958333333333333
"1183",60.3653709,-0.384920634920635,-0.947916666666667
"1184",60.2632187218045,-0.398313492063492,-0.947916666666667
"1185",60.1409682352941,-0.375496031746032,-0.9375
"1186",60.0617138345865,-0.359623015873016,-0.895833333333333
"1187",59.991027761194,-0.335813492063492,-0.895833333333333
"1188",59.9198972,-0.430059523809524,-0.895833333333333
"1189",59.8647581203007,-0.425595238095238,-0.885416666666667
"1190",59.7951046969697,-0.438492063492063,-0.885416666666667
"1191",59.6986877443609,-0.416666666666667,-0.854166666666667
"1192",59.6365123880597,-0.425595238095238,-0.8125
"1193",59.6067588,-0.409722222222222,-0.760416666666667
"1194",59.5529095488722,-0.417162698412698,-0.729166666666667
"1195",59.5027437313433,-0.38343253968254,-0.71875
"1196",59.4784838345865,-0.407738095238095,-0.708333333333333
"1197",59.435278358209,-0.396329365079365,-0.6875
"1198",59.409242,-0.392857142857143,-0.65625
"1199",59.3537392481203,-0.366071428571429,-0.635416666666667
"1200",59.24604,-0.4375,-0.604166666666667
"1201",59.1521584962406,-0.427579365079365,-0.5625
"1202",59.0836941791045,-0.416666666666667,-0.552083333333333
"1203",59.0694664,-0.40327380952381,-0.510416666666667
"1204",59.0324542857143,-0.411210317460317,-0.479166666666667
"1205",58.9847103030303,-0.385912698412698,-0.46875
"1206",58.9483881203007,-0.369543650793651,-0.447916666666667
"1207",58.9168414925373,-0.339285714285714,-0.40625
"1208",58.8435442574257,-0.311507936507936,-0.395833333333333
"1209",58.8006975757576,-0.291170634920635,-0.385416666666667
"1210",58.7696605882353,-0.286210317460317,-0.364583333333333
"1211",58.7273470149254,-0.248511904761905,-0.364583333333333
"1212",58.7011786567164,-0.236607142857143,-0.34375
"1213",58.6670239393939,-0.216765873015873,-0.333333333333333
"1214",58.6467208,-0.202876984126984,-0.333333333333333
"1215",58.5675063366337,-0.207837301587302,-0.333333333333333
"1216",58.4786709090909,-0.206349206349206,-0.34375
"1217",58.430202238806,-0.1875,-0.34375
"1218",58.4033336,-0.183035714285714,-0.34375
"1219",58.3322175757576,-0.170138888888889,-0.34375
"1220",58.2387525373134,-0.171626984126984,-0.333333333333333
"1221",58.1708513636364,-0.16765873015873,-0.333333333333333
"1222",58.1340054411765,-0.172123015873016,-0.333333333333333
"1223",58.0901587878788,-0.155753968253968,-0.333333333333333
"1224",58.0375437593985,-0.189484126984127,-0.333333333333333
"1225",57.9726301470588,-0.172123015873016,-0.322916666666667
"1226",57.9227487121212,-0.159722222222222,-0.322916666666667
"1227",57.8288120895522,-0.141369047619048,-0.322916666666667
"1228",57.732393,-0.140376984126984,-0.3125
"1229",57.6779643609023,-0.13640873015873,-0.302083333333333
"1230",57.6333479104478,-0.124007936507936,-0.291666666666667
"1231",57.6082495488722,-0.115575396825397,-0.28125
"1232",57.5973682089552,-0.116071428571429,-0.28125
"1233",57.561963,-0.125496031746032,-0.25
"1234",57.5150192481203,-0.134920634920635,-0.239583333333333
"1235",57.4694282089552,-0.128472222222222,-0.239583333333333
"1236",57.4424051879699,-0.127480158730159,-0.239583333333333
"1237",57.4266123880597,-0.122519841269841,-0.239583333333333
"1238",57.3505316,-0.111607142857143,-0.239583333333333
"1239",57.2638239849624,-0.118551587301587,-0.239583333333333
"1240",57.2012540298507,-0.124503968253968,-0.239583333333333
"1241",57.2220236090226,-0.131448412698413,-0.229166666666667
"1242",57.212372238806,-0.131944444444444,-0.03125
"1243",57.1598246,-0.126488095238095,-0.03125
"1244",57.098997518797,-0.100198412698413,-0.03125
"1245",57.0264805970149,-0.106150793650794,-0.03125
"1246",56.9617511278195,-0.125992063492063,-0.03125
"1247",56.9075980597015,-0.124503968253968,-0.03125
"1248",56.844832,-0.100694444444444,-0.03125
"1249",56.8195290977444,-0.0873015873015873,-0.03125
"1250",56.7946031343284,-0.09375,-0.03125
"1251",56.7326915037594,-0.0833333333333333,-0.03125
"1252",56.649995522388,-0.0704365079365079,-0.03125
"1253",56.5974448,-0.064484126984127,-0.03125
"1254",56.5398938,-0.0724206349206349,-0.03125
"1255",56.4972666336634,-0.0689484126984127,-0.0208333333333333
"1256",56.483632406015,-0.0575396825396825,-0.0208333333333333
"1257",56.4603685074627,-0.0461309523809524,-0.0208333333333333
"1258",56.368394,-0.0357142857142857,-0.0208333333333333
"1259",56.3286472932331,-0.027281746031746,-0.0208333333333333
"1260",56.3303837313433,-0.0357142857142857,-0.0208333333333333
"1261",56.3206043609023,-0.0337301587301587,-0.0208333333333333
"1262",56.2718689552239,-0.0441468253968254,-0.0208333333333333
"1263",56.2153916,-0.0411706349206349,-0.0208333333333333
"1264",56.1752153383459,-0.0396825396825397,-0.0208333333333333
"1265",56.1502072727273,-0.037202380952381,-0.0208333333333333
"1266",56.1091983458647,-0.0277777777777778,-0.0208333333333333
"1267",56.0516767164179,-0.0257936507936508,-0.0208333333333333
"1268",56.0004798,-0.00992063492063492,-0.0208333333333333
"1269",55.9607663636364,-0.00942460317460317,-0.0208333333333333
"1270",55.9301476470588,-0.00892857142857143,-0.0208333333333333
"1271",55.904545037594,-0.00843253968253968,-0.0208333333333333
"1272",55.9073331343284,-0.00793650793650794,-0.0208333333333333
"1273",55.8495816,-0.0178571428571429,-0.0208333333333333
"1274",55.7818827272727,-0.0178571428571429,-0.0208333333333333
"1275",55.7102967647059,-0.0168650793650794,-0.0208333333333333
"1276",55.6892857894737,-0.0158730158730159,-0.0208333333333333
"1277",55.6975232835821,-0.0153769841269841,-0.0208333333333333
"1278",55.6396588,-0.0178571428571429,-0.0208333333333333
"1279",55.5660233082707,-0.0168650793650794,0
"1280",55.5104214705882,-0.0133928571428571,0
"1281",55.4921798484848,-0.0128968253968254,0
"1282",55.4821294117647,-0.0188492063492063,0
"1283",55.4546445,-0.0178571428571429,0
"1284",55.3861643181818,-0.0114087301587302,0
"1285",55.3031705970149,-0.00297619047619048,0
"1286",55.2866815789474,-0.0124007936507937,0
"1287",55.2529880597015,-0.0114087301587302,0
"1288",55.2238781818182,-0.00248015873015873,0
"1289",55.2138569924812,-0.00198412698412698,0
"1290",55.2159173134328,-0.00248015873015873,0
"1291",55.1965457894737,-0.00148809523809524,0
"1292",55.1538755882353,-0.00148809523809524,0
"1293",55.101642,-0.000992063492063492,0
"1294",55.046985522388,-0.0054563492063492,0
"1295",54.9866780597015,-0.00496031746031746,0
"1296",54.9351072932331,0,0
"1297",54.9075213432836,-0.00198412698412698,0
"1298",54.8914488888889,-0.0064484126984127,0
"1299",54.8904864661654,-0.00595238095238095,0
"1300",54.87445,-0.0153769841269841,0
"1301",54.8166763157895,-0.0143849206349206,0
"1302",54.7454629411765,-0.000496031746031746,0
"1303",54.6907208,-0.000496031746031746,0
"1304",54.6544686567164,0,0
"1305",54.6211223880597,0,0
"1306",54.5850911278196,0,0
"1307",54.5138551515152,0,0
"1308",54.4212636,0,0
"1309",54.4032129850746,0,0
"1310",54.4090554545455,0,0
"1311",54.4010583458647,0,0
"1312",54.3874023880597,0,0
"1313",54.2985636,0,0
"1314",54.2146622727273,0,0
"1315",54.1957329411765,0,0
"1316",54.1748010447761,0,0
"1317",54.1634905970149,0,0
"1318",54.1523138,0,0
"1319",54.1412375373134,0,0
"1320",54.1464973134328,0,0
"1321",54.1336472727273,0,0
"1322",54.092496119403,0,0
"1323",54.0495457,0,0
"1324",54.0456223484849,0,0
"1325",54.0479925373134,0,0
"1326",54.0064783458647,0,0
"1327",53.9406189552239,0,0
"1328",53.8890452,0,0
"1329",53.8567140298507,0,0
"1330",53.8185080597015,0,0
"1331",53.7524108270677,0,0
"1332",53.7186949253731,0,0
"1333",53.6969917171717,0,0
"1334",53.6965758415842,0,0
"1335",53.6860827,0,0
"1336",53.6659606060606,0,0
"1337",53.6600068656716,0,0
"1338",53.5986622,0,0
"1339",53.5193421804511,0,0
"1340",53.4558922727273,0,0
"1341",53.4444444776119,0,0
"1342",53.4321676119403,0,0
"1343",53.4232238,0,0
"1344",53.4144447761194,0,0
"1345",53.3837939393939,0,0
"1346",53.3254532330827,0,0
"1347",53.2931331818182,0,0
"1348",53.253697,0,0
"1349",53.2245747761194,0,0
"1350",53.2047240909091,0,0
"1351",53.1871407518797,0,0
"1352",53.1893379104478,0,0
"1353",53.1765855,0,0
"1354",53.1480784962406,0,0
"1355",53.1384994029851,0,0
"1356",53.1033807518797,0,0
"1357",53.0751301492537,0,0
"1358",53.049248,0,0
"1359",53.0302677443609,0,0
"1360",53.015293880597,0,0
"1361",53.0008459398496,0,0
"1362",52.9759332835821,0,0
"1363",52.951547,0,0
"1364",52.9325702255639,0,0
"1365",52.902643880597,0,0
"1366",52.8756136090226,0,0
"1367",52.8677231343284,0,0
"1368",52.844619,0,0
"1369",52.849972,0,0
"1370",52.8300011881188,0,0
"1371",52.7714212030075,0,0
"1372",52.7221162686567,0,0
"1373",52.6720252,0,0
"1374",52.6388006,0,0
"1375",52.613942,0,0
"1376",52.5866433082707,0,0
"1377",52.5757714925373,0,0
"1378",52.5769738,0,0
"1379",52.5527007518797,0,0
"1380",52.579257761194,0,0
"1381",52.575020075188,0,0
"1382",52.3824698507463,0,0
"1383",52.3653509090909,0,0
"1384",52.3697245522388,0,0
"1385",52.3747454545455,0,0
"1386",52.3675125,0,0
"1387",52.3518379104478,0,0
"1388",52.3353051485148,0,0
"1389",52.386922238806,0,0
"1390",52.3952,0,0
"1391",52.1955778195489,0,0
"1392",52.1676329411765,0,0
"1393",52.1244718181818,0,0
"1394",52.0764567910448,0,0
"1395",52.0439563636364,0,0
"1396",52.031191641791,0,0
"1397",52.0073959090909,0,0
"1398",51.980049,0,0
"1399",51.9502208208955,0,0
"1400",51.9968777272727,0,0
"1401",52.0183383333333,0,0
"1402",51.8847367164179,0,0
"1403",51.9513432,0,0
"1404",51.9275510526316,0,0
"1405",51.788308358209,0,0
"1406",51.764832631579,0,0
"1407",51.7438023880597,0,0
"1408",51.7339528,0,0
"1409",51.7319257894737,0,0
"1410",51.7138140298507,0,0
"1411",51.7170642105263,0,0
"1412",51.7194944776119,0,0
"1413",51.7144572,0,0
"1414",51.7796710526316,0,0
"1415",51.8726129850746,0,0
"1416",51.7735910526316,0,0
"1417",51.6231336764706,0,0
"1418",51.5841,0,0
"1419",51.6544845112782,0,0
"1420",51.7723805970149,0,0
"1421",51.6999152985075,0,0
"1422",51.5679586567164,0,0
"1423",51.6274067346939,0,0
"1424",51.5730947524752,0,0
"1425",51.4804997029703,0,0
"1426",51.4543272519084,0,0
"1427",51.4142597058824,0,0
"1428",51.5139977777778,0,0
"1429",51.6064515789474,0,0
"1430",51.5938774626866,0,0
"1431",51.5600121052632,0,0
"1432",51.4611665671642,0,0
"1433",51.3263944,0,0
"1434",51.3898705940594,0,0
"1435",51.334302,0,0
"1436",51.2167741666667,0,0
"1437",51.1718625373134,0,0
"1438",51.2519708,0,0
"1439",51.2194863157895,0,0
"1440",51.1410866666667,0,0
"1441",51.1774642857143,0,0
"1442",51.0535452238806,0,0
"1443",51.0077166,0,0
"1444",51.1266727722773,0,0
"1445",51.1207788,0,0
"1446",51.0180942105263,0,0
"1447",51.0355553731343,0,0
"1448",51.0969812,0,0
"1449",51.0954336842105,0,0
"1450",51.0322184848485,0,0
"1451",50.9611714285714,0,0
"1452",51.0000740298508,0,0
"1453",50.9908825742575,0,0
"1454",51.0465947368421,0,0
"1455",50.9518446268657,0,0
"1456",50.8701552631579,0,0
"1457",50.9247386764706,0,0
"1458",50.91296,0,0
"1459",50.8139263157895,0,0
"1460",50.6961370149254,0,0
"1461",50.6478570149254,0,0
"1462",50.65163,0,0
"1463",50.6770355555555,0,0
"1464",50.6706673684211,0,0
"1465",50.7576782089552,0,0
"1466",50.7278909090909,0,0
"1467",50.6575567164179,0,0
"1468",50.641538019802,0,0
"1469",50.723872631579,0,0
"1470",50.6536055223881,0,0
"1471",50.5955572,0,0
"1472",50.6447661386139,0,0
"1473",50.62458,0,0
"1474",50.553407368421,0,0
"1475",50.4908319402985,0,0
"1476",50.5560648484849,0,0
"1477",50.547407761194,0,0
"1478",50.5299308,0,0
"1479",50.4469002238806,0,0
"1480",50.3663312121212,0,0
"1481",50.4402418811881,0,0
"1482",50.4448652,0,0
"1483",50.3518621212121,0,0
"1484",50.2409790298507,0,0
"1485",50.2494595454545,0,0
"1486",50.3541784090909,0,0
"1487",50.3322582089552,0,0
"1488",50.277254,0,0
"1489",50.2405379104478,0,0
"1490",50.2282763636364,0,0
"1491",50.2555891729323,0,0
"1492",50.2712729411765,0,0
"1493",50.2636566,0,0
"1494",50.2399632089552,0,0
"1495",50.2012553030303,0,0
"1496",50.1710071428571,0,0
"1497",50.1686045454545,0,0
"1498",50.186993,0,0
"1499",50.169487593985,0,0
"1500",50.1496552238806,0,0
"1501",50.113547368421,0,0
"1502",50.0039171641791,0,0
"1503",49.9493474257426,0,0
"1504",50.00466,0,0
"1505",50.0042605970149,0,0
"1506",49.8738482,0,0
"1507",49.8684168316831,0,0
"1508",49.8511828282828,0,0
"1509",49.8569928571429,0,0
"1510",49.9492876119403,0,0
"1511",49.9284940909091,0,0
"1512",49.874512238806,0,0
"1513",49.8389815841584,0,0
"1514",49.8404285714286,0,0
"1515",49.7829773134328,0,0
"1516",49.7454185714286,0,0
"1517",49.8618682089552,0,0
"1518",49.9054824242424,0,0
"1519",49.9322282089552,0,0
"1520",49.942234477612,0,0
"1521",49.8322384090909,0,0
"1522",49.7465114705882,0,0
"1523",49.7316697,0,0
"1524",49.7055491044776,0,0
"1525",49.7729883333333,0,0
"1526",49.6384943181818,0,0
"1527",49.5753088235294,0,0
"1528",49.684077,0,0
"1529",49.6760590298507,0,0
"1530",49.6624112121212,0,0
"1531",49.6036114285714,0,0
"1532",49.4187880597015,0,0
"1533",49.3564376,0,0
"1534",49.4355737313433,0,0
"1535",49.421681969697,0,0
"1536",49.423943960396,0,0
"1537",49.4272664,0,0
"1538",49.4285942857143,0,0
"1539",49.4429343283582,0,0
"1540",49.4463145454545,0,0
"1541",49.4021187878788,0,-0.0104166666666667
"1542",49.3649117647059,0,-0.0104166666666667
"1543",49.3382516,0,-0.0104166666666667
"1544",49.2169914925373,0,-0.0104166666666667
"1545",49.0727210447761,0,-0.0104166666666667
"1546",49.1120928571429,0,0
"1547",49.196078358209,0,0
"1548",49.1713182,0,0
"1549",49.1210852272727,0,0
"1550",49.089526119403,0,0
"1551",49.1272874626866,0,0
"1552",49.166271641791,0,0
"1553",49.1774635,0,0
"1554",49.2061319402985,0,0
"1555",49.2363423880597,0,0
"1556",49.1984339393939,0,0
"1557",49.1659476470588,0,0
"1558",49.1210676,0,0
"1559",49.1115966666667,0,0
"1560",49.1398641791045,0,0
"1561",49.1202082089552,0,0
"1562",49.0991725373134,0,0
"1563",48.9631714285714,0,0
"1564",48.9360308148148,0,0
"1565",49.048295522388,0,0
"1566",49.039852519084,0,0
"1567",48.9890925,0,0
"1568",48.9458078787879,0,0
"1569",48.9049457142857,0,0
"1570",48.8804025373134,0,0
"1571",48.8687295454545,0,0
"1572",48.7911902941177,0,0
"1573",48.8094394949495,0,0
"1574",48.8838688148148,0,0
"1575",48.8820736363636,0,0
"1576",48.8389263909775,0,0
"1577",48.8145611764705,0,0
"1578",48.9010759,0,0
"1579",48.883,0,0
"1580",48.8754436363636,0,0
"1581",48.8663105970149,0,0
"1582",48.8546950746269,0,0
"1583",48.8199436363636,0,0
"1584",48.7828714925373,0,0
"1585",48.6856502985075,0,0
"1586",48.5384825,0,0
"1587",48.5778453731343,0,0
"1588",48.5819502,0,0
"1589",48.4625104511278,0,0
"1590",48.4727239393939,0,0
"1591",48.5534214285714,0,0
"1592",48.4717129850747,0,0
"1593",48.4969341,0,0
"1594",48.5950801,0,0
"1595",48.6167314851485,0,0
"1596",48.6063264661654,0,0
"1597",48.508568358209,0,0
"1598",48.4858202,0,0
"1599",48.5747991729323,0,0
"1600",48.5995656060606,0,0
"1601",48.5918657142857,0,0
"1602",48.5731523529412,0,0
"1603",48.5196752,0,0
"1604",48.4841372932331,0,0
"1605",48.403365522388,0,0
"1606",48.3428211940299,0,0
"1607",48.3982788059702,0,0
"1608",48.3887233333333,0,0
"1609",48.3767782089552,0,0
"1610",48.3978949253731,0,0
"1611",48.4440503816794,0,0
"1612",48.4570873529412,0,0
"1613",48.4681036,0,0
"1614",48.4223489473684,0,0
"1615",48.3349972727273,0,0
"1616",48.2812363432836,0,0
"1617",48.2588579411765,0,0
"1618",48.2355659183673,0,0
"1619",48.2173020149254,0,0
"1620",48.1840496969697,0,0
"1621",48.1969712121212,0,0
"1622",48.2347798529412,0,0
"1623",48.2267631313131,0,0
"1624",48.2125723880597,0,0
"1625",48.1966709090909,0,0
"1626",48.1748777443609,0,0
"1627",48.1629244776119,0,0
"1628",48.127816,0,0
"1629",48.0929979104478,0,0
"1630",48.0713866666667,0,0
"1631",48.057927518797,0,0
"1632",47.9733617910448,0,0
"1633",47.94708,0,0
"1634",48.0045662686567,0,0
"1635",48.0022757575758,0,0
"1636",48.0158248120301,0,0
"1637",48.0363829850746,0,0
"1638",48.017398,0,0
"1639",47.9775272932331,0,0
"1640",47.9482685074627,0,0
"1641",47.9371654887218,0,0
"1642",47.9150535820896,0,0
"1643",47.896676,0,0
"1644",47.8747160902256,0,0
"1645",47.8309853731343,0,0
"1646",47.7881517293233,0,0
"1647",47.7899429850746,0,0
"1648",47.797662,0,0
"1649",47.7866460902256,0,0
"1650",47.7886317910448,0,0
"1651",47.81278,0,0
"1652",47.8433607920792,0,0
"1653",47.8358024,0,0
"1654",47.8132284210526,0,0
"1655",47.8097328358209,0,0
"1656",47.7844120454546,0,0
"1657",47.7455986567164,0,0
"1658",47.76625,0,0
"1659",47.7520893984962,0,0
"1660",47.7281394029851,0,0
"1661",47.706450075188,0,0
"1662",47.658136119403,0,0
"1663",47.601104,0,0
"1664",47.6154195488722,0,0
"1665",47.6490011940299,0,0
"1666",47.6297081818182,0,0
"1667",47.6026347058824,0,0
"1668",47.5853366666667,0,0
"1669",47.6057497014925,0,0
"1670",47.6106205970149,0,0
"1671",47.5835536363636,0,0
"1672",47.5942452941176,0,0
"1673",47.5922706060606,0,0
"1674",47.573284962963,0,0
"1675",47.5650921212121,0,0
"1676",47.5798830075188,0,0
"1677",47.5626343283582,0,0
"1678",47.524148,0,0
"1679",47.51938,0,0
"1680",47.4970354545455,0,0
"1681",47.4620779699248,0,0
"1682",47.4356067164179,0,0
"1683",47.415168,0,0
"1684",47.3932844776119,0,0
"1685",47.3454206060606,0,0
"1686",47.3108781818182,0,0
"1687",47.2512582089552,0,0
"1688",47.2545571,0,0
"1689",47.3097502238806,0,0
"1690",47.3214095454545,0,0
"1691",47.2878886567164,0,0
"1692",47.2465685074627,0,0
"1693",47.243154,0,0
"1694",47.2532458208955,0,0
"1695",47.1979505970149,0,0
"1696",47.1732409848485,0,0
"1697",47.2618928358209,0,0
"1698",47.211854,0,0
"1699",47.1895909090909,0,0
"1700",47.1709802985075,0,0
"1701",47.163232631579,0,0
"1702",47.171332238806,0,0
"1703",47.1622095,0,0
"1704",47.1741652631579,0,0
"1705",47.1899382089552,0,0
"1706",47.1736035338346,0,0
"1707",47.1437482089552,0,0
"1708",47.1365825,0,0
"1709",47.1279345112782,0,0
"1710",47.119618358209,0,0
"1711",47.1177291729323,0,0
"1712",47.0976802985075,0,0
"1713",47.0562873,0,0
"1714",47.0312661654135,0,0
"1715",47.0371570149254,0,0
"1716",47.0566139097744,0,0
"1717",47.066562238806,0,0
"1718",47.0799573737374,0,0
"1719",47.0705678518518,0,0
"1720",47.0675764179104,0,0
"1721",47.0435554545455,0,0
"1722",47.0083970588235,0,0
"1723",47.0101924242424,0,0
"1724",46.9950847368421,0,0
"1725",46.9806920895522,0,0
"1726",46.9509881060606,0,0
"1727",46.9053892647059,0,0
"1728",46.897616969697,0,0
"1729",46.8999762686567,0,0
"1730",46.8754518181818,0,0
"1731",46.8248469924812,0,0
"1732",46.7851522058824,0,0
"1733",46.7631102020202,0,0
"1734",46.7692953731343,0,0
"1735",46.7697063636364,0,0
"1736",46.7433421052632,0,0
"1737",46.7294711940299,0,0
"1738",46.724284,0,0
"1739",46.6957214925373,0,0
"1740",46.6404806060606,0,0
"1741",46.6198877227723,0,0
"1742",46.6231083,0,0
"1743",46.5913865,0,0
"1744",46.570853358209,0,0
"1745",46.5571945454545,0,0
"1746",46.5543126515151,0,0
"1747",46.5665919402985,0,0
"1748",46.5417451485148,0,0
"1749",46.5174427819549,0,0
"1750",46.5285634328358,0,0
"1751",46.5849895488722,0,0
"1752",46.6019514925373,0,0
"1753",46.5526949494949,0,0
"1754",46.5513201503759,0,0
"1755",46.5688889552239,0,0
"1756",46.5550708270677,0,0
"1757",46.5394194029851,0,0
"1758",46.5286818,0,0
"1759",46.5307615789474,0,0
"1760",46.5210179104478,0,0
"1761",46.476142556391,0,0
"1762",46.4349486567164,0,0
"1763",46.4168396,0,0
"1764",46.4578418,0,0
"1765",46.4704244554455,0,0
"1766",46.4568240601504,0,0
"1767",46.457151641791,0,0
"1768",46.4511032,0,0
"1769",46.4334399,0,0
"1770",46.4411721,0,0
"1771",46.410862556391,0,0
"1772",46.3594023880597,0,0
"1773",46.3425838,0,0
"1774",46.341742,0,0
"1775",46.327348,0,0
"1776",46.3018024242424,0,0
"1777",46.2791894117647,0,0
"1778",46.2718245,0,0
"1779",46.2884337623762,0,0
"1780",46.3059312121212,0,0
"1781",46.3150790977444,0,0
"1782",46.3166188235294,0,0
"1783",46.2726844897959,0,0
"1784",46.2728604950495,0,0
"1785",46.2769012121212,0,0
"1786",46.2398531343284,0,0
"1787",46.2060173134328,0,0
"1788",46.2106132,0,0
"1789",46.1814512,0,0
"1790",46.1343179,0,0
"1791",46.1074418939394,0,0
"1792",46.1078152238806,0,0
"1793",46.1206954,0,0
"1794",46.141595,0,0
"1795",46.1259098,0,0
"1796",46.1132000990099,0,0
"1797",46.1519066,0,0
"1798",46.1506197,0,0
"1799",46.1309158,0,0
"1800",46.1043893,0,0
"1801",46.0899093181818,0,0
"1802",46.0993697014925,0,0
"1803",46.1101844,0,0
"1804",46.1140288,0,0
"1805",46.1145068,0,0
"1806",46.1050404477612,0,0
"1807",46.0765276119403,0,0
"1808",46.0711599,0,0
"1809",46.0740909,0,0
"1810",46.0596784,0,0
"1811",46.0653609774436,0,0
"1812",46.0604051515152,0,0
"1813",46.0046264,0,0
"1814",45.9769086,0,0
"1815",45.977002,0,0
"1816",45.9577693233083,0,0
"1817",45.9492564179104,0,0
"1818",45.9665208,0,0
"1819",45.9675864,0,0
"1820",45.9552352,0,0
"1821",45.9422374,0,0
"1822",45.9174824752475,0,0
"1823",45.9226427272727,0,0
"1824",45.9316957425743,0,0
"1825",45.9126297,0,0
"1826",45.8683241666667,0,0
"1827",45.815277761194,0,0
"1828",45.7894076,0,0
"1829",45.7662028712871,0,0
"1830",45.7593509090909,0,0
"1831",45.7689485148515,0,0
"1832",45.7733259405941,0,0
"1833",45.7461955102041,0,0
"1834",45.731234950495,0,0
"1835",45.7563582828283,0,0
"1836",45.7679477272727,0,0
"1837",45.7648701492537,0,0
"1838",45.7528437623762,0,0
"1839",45.7505968,0,0
"1840",45.7651826,0,0
"1841",45.7345768656716,0,0
"1842",45.6821428358209,0,0
"1843",45.6736771717172,0,0
"1844",45.6903834,0,0
"1845",45.6934708,0,0
"1846",45.6671292481203,0,0
"1847",45.6409543939394,0,0
"1848",45.5922169,0,0
"1849",45.5554126,0,0
"1850",45.5597198,0,0
"1851",45.578168358209,0,0
"1852",45.5904844776119,0,0
"1853",45.5669874,0,0
"1854",45.5670306,0,0
"1855",45.5597876,0,0
"1856",45.5215712781955,0,0
"1857",45.4789492424242,0,0
"1858",45.4639956,0,0
"1859",45.4685523762376,0,0
"1860",45.458068,0,0
"1861",45.4515369172932,0,0
"1862",45.4537005882353,0,0
"1863",45.4299212,0,0
"1864",45.4147495959596,0,0
"1865",45.4249303960396,0,0
"1866",45.4405503759398,0,0
"1867",45.4475848484849,0,0
"1868",45.4295938383838,0,0
"1869",45.426652970297,0,0
"1870",45.4093405050505,0,0
"1871",45.4156359090909,0,0
"1872",45.4254826470588,0,0
"1873",45.4145190909091,0,0
"1874",45.4112262376238,0,0
"1875",45.3925011,0,0
"1876",45.3746179545455,0,0
"1877",45.3365813235294,0,0
"1878",45.2845972727273,0,0
"1879",45.2398565346535,0,0
"1880",45.2138436363636,0,0
"1881",45.2007693233083,0,0
"1882",45.1807902941176,0,0
"1883",45.1443418181818,0,0
"1884",45.1126249504951,0,0
"1885",45.1000727272727,0,0
"1886",45.1274688721804,0,0
"1887",45.1618582089552,0,0
"1888",45.1444584,0,0
"1889",45.1108972,0,0
"1890",45.0900808,0,0
"1891",45.0747672277228,0,0
"1892",45.0830373,0,0
"1893",45.0853794,0,0
"1894",45.0991324,0,0
"1895",45.0938083,0,0
"1896",45.0918547727273,0,0
"1897",45.104343880597,0,0
"1898",45.126176,0,0
"1899",45.1381812,0,0
"1900",45.133884,0,0
"1901",45.1349484,0,0
"1902",45.1248027722772,0,0
"1903",45.1181437,0,0
"1904",45.0798721,0,0
"1905",45.0295608,0,0
"1906",45.0297295454545,0,0
"1907",45.0585531343283,0,0
"1908",45.0675934653465,0,0
"1909",45.0591381,0,0
"1910",45.0216094,0,0
"1911",45.0024284210526,0,0
"1912",44.99626,0,0
"1913",44.9670923,0,0
"1914",44.940659,0,0
"1915",44.9426361,0,0
"1916",44.9509610526316,0,0
"1917",44.9297885294118,0,0
"1918",44.8955975510204,0,0
"1919",44.8830203960396,0,0
"1920",44.8873518181818,0,0
"1921",44.8962439393939,0,0
"1922",44.8960370588235,0,0
"1923",44.8802803030303,0,0
"1924",44.8859633663366,0,0
"1925",44.8899395959596,0,0
"1926",44.8749510526316,0,0
"1927",44.8494288235294,0,0
"1928",44.8152919191919,0,0
"1929",44.7719544554455,0,0
"1930",44.7761024,0,0
"1931",44.7773770676692,0,0
"1932",44.7691434328358,0,0
"1933",44.7570418811881,0,0
"1934",44.7869405,0,0
"1935",44.7955709090909,0,0
"1936",44.757918019802,0,0
"1937",44.7393387,0,0
"1938",44.7332554545455,0,0
"1939",44.7228604,0,0
"1940",44.6904716,0,0
"1941",44.6671142424242,0,0
"1942",44.6519714925373,0,0
"1943",44.6257784158416,0,0
"1944",44.57754,0,0
"1945",44.55116,0,0
"1946",44.5616436,0,0
"1947",44.5549983168317,0,0
"1948",44.5203163636364,0,0
"1949",44.5086224,0,0
"1950",44.5034596,0,0
"1951",44.5118478787879,0,0
"1952",44.5222541791045,0,0
"1953",44.51482,0,0
"1954",44.524288019802,0,0
"1955",44.5172308,0,0
"1956",44.4992184848485,0,0
"1957",44.465405882353,0,0
"1958",44.4216260606061,0,0
"1959",44.437837,0,0
"1960",44.458907,0,0
"1961",44.4389672180451,0,0
"1962",44.4239717647059,0,0
"1963",44.4255198989899,0,0
"1964",44.4478230693069,0,0
"1965",44.4583972,0,0
"1966",44.4476896183206,0,0
"1967",44.4439807352941,0,0
"1968",44.4194123232323,0,0
"1969",44.4001037623762,0,0
"1970",44.3831037373737,0,0
"1971",44.3579228358209,0,0
"1972",44.3210123880597,0,0
"1973",44.3301355,0,0
"1974",44.372104,0,0
"1975",44.3781225,0,0
"1976",44.3746170149254,0,0
"1977",44.3774109090909,0,0
"1978",44.365201,0,0
"1979",44.3268145,0,0
"1980",44.3251015,0,0
"1981",44.3119104477612,0,0
"1982",44.2785495454546,0,0
"1983",44.296523,0,0
"1984",44.3178905,0,0
"1985",44.3027317821782,0,0
"1986",44.2993541791045,0,0
"1987",44.30074,0,0
"1988",44.319344,0,0
"1989",44.3223347524752,0,0
"1990",44.2912954545455,0,0
"1991",44.2673756716418,0,0
"1992",44.2500963636364,0,0
"1993",44.2589056,0,0
"1994",44.2807378787879,0,0
"1995",44.2819301980198,0,0
"1996",44.2571069924812,0,0
"1997",44.231504477612,0,0
"1998",44.236088,0,0
"1999",44.2317683168317,0,0
"2000",44.2397416,0,0
"2001",44.2632438636364,0,0
"2002",44.2812173134328,0,0
"2003",44.2584832,0,0
"2004",44.2540684,0,0
"2005",44.2294524,0,0
"2006",44.1986067669173,0,0
"2007",44.1719782089552,0,0
"2008",44.1370420408163,0,0
"2009",44.1251228712871,0,0
"2010",44.1087164356436,0,0
"2011",44.0976315789474,0,0
"2012",44.0944823880597,0,0
"2013",44.1128533333333,0,0
"2014",44.0884472277228,0,0
"2015",44.0558556565657,0,0
"2016",44.0479460150376,0,0
"2017",44.0499853731343,0,0
"2018",44.033207979798,0,0
"2019",44.0155638613861,0,0
"2020",44.0225398989899,0,0
"2021",43.9999375555556,0,0
"2022",43.9721742424242,0,0
"2023",43.986212,0,0
"2024",43.9651395,0,0
"2025",43.9361335,0,0
"2026",43.963922556391,0,0
"2027",43.9922527272727,0,0
"2028",43.9820296,0,0
"2029",44.0113852,0,0
"2030",44.0393132,0,0
"2031",43.9977920895522,0,0
"2032",43.9316615151515,0,0
"2033",43.9550084,0,0
"2034",43.9704148,0,0
"2035",43.9658264,0,0
"2036",43.9598882,0,0
"2037",43.9877899009901,0,0
"2038",43.967892,0,0
"2039",43.951944,0,0
"2040",43.9344955,0,0
"2041",43.9445967669173,0,0
"2042",43.9634512121212,0,0
"2043",43.9583998,0,0
"2044",43.9517816,0,0
"2045",43.9505706,0,0
"2046",43.9644411278196,0,0
"2047",43.9637905970149,0,0
"2048",43.9224826,0,0
"2049",43.8889978,0,0
"2050",43.8730822,0,0
"2051",43.8507464661654,0,0
"2052",43.8246726865672,0,0
"2053",43.8154692,0,0
"2054",43.8325112,0,0
"2055",43.8589386,0,0
"2056",43.8208001503759,0,0
"2057",43.7761258208955,0,0
"2058",43.7693433333333,0,0
"2059",43.7793823762376,0,0
"2060",43.796596,0,0
"2061",43.8145863157895,0,0
"2062",43.8304943283582,0,0
"2063",43.79776,0,0
"2064",43.7667957425743,0,0
"2065",43.75163,0,0
"2066",43.741065,0,0
"2067",43.7393401492537,0,0
"2068",43.74343,0,0
"2069",43.750868019802,0,0
"2070",43.6979246,0,0
"2071",43.6840117910448,0,0
"2072",43.6756502985075,0,0
"2073",43.6455948484848,0,0
"2074",43.6351630693069,0,0
"2075",43.6085068686869,0,0
"2076",43.5957688721805,0,0
"2077",43.582365,0,0
"2078",43.5779644554455,0,0
"2079",43.5645126,0,0
"2080",43.5520684,0,0
"2081",43.5856782178218,0,0
"2082",43.6329265,0,0
"2083",43.6597827272727,0,0
"2084",43.6420302,0,0
"2085",43.6120194,0,0
"2086",43.6099463909774,0,0
"2087",43.621255,0,0
"2088",43.5872364356436,0,0
"2089",43.5836408,0,0
"2090",43.5766262,0,0
"2091",43.572691,0,0
"2092",43.5501097029703,0,0
"2093",43.5229178787879,0,0
"2094",43.4736528,0,0
"2095",43.4778498,0,0
"2096",43.4913631578947,0,0
"2097",43.48672,0,0
"2098",43.5076719,0,0
"2099",43.4955698,0,0
"2100",43.4898524,0,0
"2101",43.4884002255639,0,0
"2102",43.4865249253731,0,0
"2103",43.4695022,0,0
"2104",43.4411538,0,0
"2105",43.3891001,0,0
"2106",43.35505,0,0
"2107",43.3378150746269,0,0
"2108",43.3597766666667,0,0
"2109",43.3651754455446,0,0
"2110",43.3661733333333,0,0
"2111",43.357582406015,0,0
"2112",43.3553779104478,0,0
"2113",43.3677317171717,0,0
"2114",43.3756055445545,0,0
"2115",43.3933615151515,0,0
"2116",43.3717073134328,0,0
"2117",43.348493880597,0,0
"2118",43.3296103030303,0,0
"2119",43.3065704950495,0,0
"2120",43.2697292929293,0,0
"2121",43.270748358209,0,0
"2122",43.2277917910448,0,0
"2123",43.1859235,0,0
"2124",43.194205,0,0
"2125",43.1766569,0,0
"2126",43.167497037037,0,0
"2127",43.1857266666667,0,0
"2128",43.1936366666667,0,0
"2129",43.2071163,0,0
"2130",43.199297,0,0
"2131",43.1771233082707,0,0
"2132",43.1886848484848,0,0
"2133",43.2023231683168,0,0
"2134",43.1854633,0,0
"2135",43.1479831,0,0
"2136",43.1372709774436,0,0
"2137",43.153011641791,0,0
"2138",43.1269315151515,0,0
"2139",43.0636704,0,0
"2140",43.037128,0,0
"2141",43.0240027067669,0,0
"2142",42.9957864179105,0,0
"2143",43.0264052,0,0
"2144",43.0413764,0,0
"2145",43.042056,0,0
"2146",43.0612258646617,0,0
"2147",43.0713464179104,0,0
"2148",43.0681348,0,0
"2149",43.1059744,0,0
"2150",43.116298,0,0
"2151",43.0789789552239,0,0
"2152",43.0590380597015,0,0
"2153",43.0790552525253,0,0
"2154",43.086131980198,0,0
"2155",43.0894277,0,0
"2156",43.1167717424242,0,0
"2157",43.1458510447761,0,0
"2158",43.1535856565657,0,0
"2159",43.1646963366337,0,0
"2160",43.1770984,0,0
"2161",43.1892166917293,0,0
"2162",43.1922892537313,0,0
"2163",43.1972688888889,0,0
"2164",43.1868382178218,0,0
"2165",43.1667565656566,0,0
"2166",43.1881555223881,0,0
"2167",43.2155823880597,0,0
"2168",43.2623945454546,0,0
"2169",43.2831073267327,0,0
"2170",43.3000856565657,0,0
"2171",43.2781294029851,0,0
"2172",43.2537660606061,0,0
"2173",43.2531926,0,0
"2174",43.287656,0,0
"2175",43.3106551,0,0
"2176",43.3000135820896,0,0
"2177",43.3187201515151,0,0
"2178",43.3767771,0,0
"2179",43.4036691,0,0
"2180",43.3929337,0,0
"2181",43.3779744776119,0,0
"2182",43.3733722727273,0,0
"2183",43.3633353,0,0
"2184",43.3418223762376,0,0
"2185",43.3224528,0,0
"2186",43.3143026865672,0,0
"2187",43.320406969697,0,0
"2188",43.3217992,0,0
"2189",43.3605315151515,0,0
"2190",43.4109667,0,0
"2191",43.4162241791045,0,0
"2192",43.4162198484849,0,0
"2193",43.4343302,0,0
"2194",43.4313285,0,0
"2195",43.4490551,0,0
"2196",43.4814426315789,0,0
"2197",43.498686119403,0,0
"2198",43.5035836633663,0,0
"2199",43.4646169306931,0,0
"2200",43.4362422,0,0
"2201",43.4842307,0,0
"2202",43.5155608910891,0,0
"2203",43.5338966666667,0,0
"2204",43.5735591,0,0
"2205",43.5873335,0,0
"2206",43.5956943181818,0,0
"2207",43.6058835820896,0,0
"2208",43.6149168,0,0
"2209",43.61069,0,0
"2210",43.6245012,0,0
"2211",43.6695155639098,0,0
"2212",43.6850295522388,0,0
"2213",43.6442822222222,0,0
"2214",43.6685111,0,0
"2215",43.700147,0,0
"2216",43.7218239552239,0,0
"2217",43.7358631343284,0,0
"2218",43.7379364,0,0
"2219",43.7678555445545,0,0
"2220",43.801216969697,0,0
"2221",43.8203411940299,0,0
"2222",43.842806969697,0,0
"2223",43.8170372727273,0,0
"2224",43.8071818811881,0,0
"2225",43.7771594949495,0,0
"2226",43.7888097014925,0,0
"2227",43.8115568181818,0,0
"2228",43.8092186,0,0
"2229",43.822187029703,0,0
"2230",43.792476,0,0
"2231",43.7650032835821,0,0
"2232",43.7559890909091,0,0
"2233",43.7496926732673,0,0
"2234",43.7360068,0,0
"2235",43.7399897979798,0,0
"2236",43.7301476119403,0,0
"2237",43.713636969697,0,0
"2238",43.736616,0,0
"2239",43.7476496969697,0,0
"2240",43.7434954,0,0
"2241",43.7543842,0,0
"2242",43.7403447524753,0,0
"2243",43.8040752,0,0
"2244",43.814288,0,0
"2245",43.7973092,0,0
"2246",43.8388039849624,0,0
"2247",43.8688448484848,0,0
"2248",43.8611681,0,0
"2249",43.8370438,0,0
"2250",43.8518207,0,0
"2251",43.8603934586466,0,0
"2252",43.8451323880597,0,0
"2253",43.8621186,0,0
"2254",43.8992434,0,0
"2255",43.9044505940594,0,0
"2256",43.9204023308271,0,0
"2257",43.9710394029851,0,0
"2258",43.9562436363636,0,0
"2259",43.9355872277228,0,0
"2260",43.9337803030303,0,0
"2261",43.9131556390977,0,0
"2262",43.8902641791045,0,0
"2263",43.8987254545455,0,0
"2264",43.9195285148515,0,0
"2265",43.9217263,0,0
"2266",43.9212002238806,0,0
"2267",43.9417685074627,0,0
"2268",43.9438647474747,0,0
"2269",43.9514593069307,0,0
"2270",43.9622825252525,0,0
"2271",43.9586048120301,0,0
"2272",43.94712,0,0
"2273",43.948659,0,0
"2274",43.9549513861386,0,0
"2275",43.9842142424242,0,0
"2276",43.9918151851852,0,0
"2277",43.9845418181818,0,0
"2278",43.9942138,0,0
"2279",43.9755953465346,0,0
"2280",43.9445208,0,0
"2281",43.9462934328358,0,0
"2282",43.9794781538461,0,0
"2283",43.9537178217822,0,0
"2284",43.9299676,0,0
"2285",43.9265552525253,0,0
"2286",43.9305153731343,0,0
"2287",43.9438959701493,0,0
"2288",43.9508104,0,0
"2289",43.9603614141414,0,0
"2290",43.9629283168317,0,0
"2291",43.9630072180451,0,0
"2292",43.9673162121212,0,0
"2293",43.9635594,0,0
"2294",43.9203423762376,0,0
"2295",43.909022020202,0,0
"2296",43.9098490225564,0,0
"2297",43.8850888235294,0,0
"2298",43.9012586868687,0,0
"2299",43.9026228,0,0
"2300",43.8891194,0,0
"2301",43.877752556391,0,0
"2302",43.8626917910448,0,0
"2303",43.8406044897959,0,0
"2304",43.8438748514851,0,0
"2305",43.8050064646465,0,0
"2306",43.7755450746269,0,0
"2307",43.7622589552239,0,0
"2308",43.7346924242424,0,0
"2309",43.7318128712871,0,0
"2310",43.7387616161616,0,0
"2311",43.7118148148148,0,0
"2312",43.6845436363636,0,0
"2313",43.701304,0,0
"2314",43.7390252475248,0,0
"2315",43.7258290909091,0,0
"2316",43.6991357894737,0,0
"2317",43.6772403030303,0,0
"2318",43.6618298,0,0
"2319",43.6234643564356,0,0
"2320",43.6008101010101,0,0
"2321",43.5738169306931,0,0
"2322",43.545694,0,0
"2323",43.508761,0,0
"2324",43.495553,0,0
"2325",43.469238,0,0
"2326",43.4303163157895,0,0
"2327",43.3997756060606,0,0
"2328",43.34928,0,0
"2329",43.3192333,0,0
"2330",43.2931683,0,0
"2331",43.2705805,0,0
"2332",43.2346841584158,0,0
"2333",43.202223,0,0
"2334",43.185264,0,0
"2335",43.1996298019802,0,0
"2336",43.2106709022556,0,0
"2337",43.2324481818182,0,0
"2338",43.244695,0,0
"2339",43.2646374257426,0,0
"2340",43.2362178787879,0,0
"2341",43.20335,0,0
"2342",43.1706032673267,0,0
"2343",43.15852,0,0
"2344",43.129772,0,0
"2345",43.151404,0,0
"2346",43.1893287878788,0,0
"2347",43.2031662686567,0,0
"2348",43.1981912121212,0,0
"2349",43.1623527722772,0,0
"2350",43.1593507,0,0
"2351",43.1776223,0,0
"2352",43.2147825742574,0,0
"2353",43.1806884848485,0,0
"2354",43.1603902970297,0,0
"2355",43.1711715151515,0,0
"2356",43.1574768421053,0,0
"2357",43.1234841791045,0,0
"2358",43.0763216,0,0
"2359",43.0902715841584,0,0
"2360",43.1431592929293,0,0
"2361",43.1283270895522,0,0
"2362",43.0934052238806,0,0
"2363",43.0681571428571,0,0
"2364",43.035499009901,0,0
"2365",43.0490936,0,0
"2366",43.0491885820896,0,0
"2367",43.0354983333333,0,0
"2368",43.0479379207921,0,0
"2369",43.088134950495,0,0
"2370",43.1156190816327,0,0
"2371",43.1297855223881,0,0
"2372",43.116471969697,0,0
"2373",43.0835261,0,0
"2374",43.1035374747475,0,0
"2375",43.1185772,0,0
"2376",43.103737761194,0,0
"2377",43.0990881818182,0,0
"2378",43.0791252,0,0
"2379",43.0661952,0,0
"2380",43.0397792,0,0
"2381",43.0505605263158,0,0
"2382",43.0672692537313,0,0
"2383",43.0536552,0,0
"2384",43.0569852,0,0
"2385",43.0377428,0,0
"2386",43.044667593985,0,0
"2387",43.0342298507463,0,0
"2388",43.0489808,0,0
"2389",43.0472893069307,0,0
"2390",43.0447611,0,0
"2391",43.0005252631579,0,0
"2392",42.9527602985075,0,0
"2393",42.9118642,0,0
"2394",42.8932523762376,0,0
"2395",42.8965162626263,0,0
"2396",42.9022914285714,0,0
"2397",42.9023889552239,0,0
"2398",42.8899035353535,0,0
"2399",42.8805316,0,0
"2400",42.8872672,0,0
"2401",42.9121917293233,0,0
"2402",42.9230656716418,0,0
"2403",42.9352327272727,0,0
"2404",42.9459997058824,0,0
"2405",42.9358159,0,0
"2406",42.9191242105263,0,0
"2407",42.9096070588235,0,0
"2408",42.9136963636364,0,0
"2409",42.9027092,0,0
"2410",42.8510143,0,0
"2411",42.8384182835821,0,0
"2412",42.8490789393939,0,0
"2413",42.8842975757576,0,0
"2414",42.9189728712871,0,0
"2415",42.9223588888889,0,0
"2416",42.8928170676692,0,0
"2417",42.8904929850746,0,0
"2418",42.906458,0,0
"2419",42.8932484158416,0,0
"2420",42.8619615,0,0
"2421",42.8529459701492,0,0
"2422",42.8706304545454,0,0
"2423",42.9002907070707,0,0
"2424",42.8961257425743,0,0
"2425",42.8830512,0,0
"2426",42.9059148120301,0,0
"2427",42.916593939394,0,0
"2428",42.9211976,0,0
"2429",42.9080018181818,0,0
"2430",42.8921367,0,0
"2431",42.8601145,0,0
"2432",42.8034132673267,0,0
"2433",42.7977352,0,0
"2434",42.7818479207921,0,0
"2435",42.762636,0,0
"2436",42.7610739,0,0
"2437",42.7531649,0,0
"2438",42.7407951,0,0
"2439",42.7192876767677,0,0
"2440",42.7011984,0,0
"2441",42.7003904,0,0
"2442",42.6848128,0,0
"2443",42.6757604,0,0
"2444",42.6953776,0,0
"2445",42.727284,0,0
"2446",42.7118048,0,0
"2447",42.7226396,0,0
"2448",42.7043163636364,0,0
"2449",42.6922989108911,0,0
"2450",42.6536052,0,0
"2451",42.6466146534653,0,0
"2452",42.6162109,0,0
"2453",42.5803091919192,0,0
"2454",42.5848735643564,0,0
"2455",42.5845528282828,0,0
"2456",42.5921956,0,0
"2457",42.5943048,0,0
"2458",42.5893827272727,0,0
"2459",42.5835473267327,0,0
"2460",42.58872,0,0
"2461",42.5467183168317,0,0
"2462",42.5172748,0,0
"2463",42.5317790909091,0,0
"2464",42.5742840594059,0,0
"2465",42.6023845454545,0,0
"2466",42.6139501980198,0,0
"2467",42.6212790909091,0,0
"2468",42.6113167,0,0
"2469",42.5585937623762,0,0
"2470",42.5705445454546,0,0
"2471",42.5580851485148,0,0
"2472",42.5616836363636,0,0
"2473",42.5973855,0,0
"2474",42.6160178,0,0
"2475",42.636638,0,0
"2476",42.6619242,0,0
"2477",42.6835587,0,0
"2478",42.7077053,0,0
"2479",42.6912381,0,0
"2480",42.6686032,0,0
